id,name,registration_date,country,date_of_birthday,phone,email
1,Donelle Joiner,2024-07-10,China,1963-04-11,+86 570 903 0127,djoiner0@telegraph.co.uk
2,Deedee Murrhaupt,2023-12-06,China,1970-05-28,+86 986 141 8021,dmurrhaupt1@netlog.com
3,Odie Fargher,2024-05-26,Portugal,2005-07-29,+351 243 473 8997,ofargher2@mozilla.org
4,Florida Davidi,2023-10-11,France,1993-02-14,+33 364 993 0486,fdavidi3@rakuten.co.jp
5,Marcella Spriddle,2024-05-19,China,1967-02-05,+86 659 845 0590,mspriddle4@jimdo.com
6,Kristan Eyden,2024-03-20,Colombia,1977-12-21,+57 359 334 6598,keyden5@aol.com
7,Jamaal Fetteplace,2024-02-12,Netherlands,1977-02-24,+31 469 746 5032,jfetteplace6@geocities.com
8,Louella Wimpress,2024-02-25,Poland,2006-07-19,+48 257 381 5934,lwimpress7@google.es
9,Netti Urwen,2023-08-15,Panama,1984-12-17,+507 965 183 1919,nurwen8@fema.gov
10,Jade Stannus,2024-07-12,Portugal,1958-06-04,+351 972 126 4444,jstannus9@shop-pro.jp
11,Edlin Baake,2023-11-05,Czech Republic,1988-12-22,+420 616 899 5285,ebaakea@tripod.com
12,Shaine Ayrton,2024-06-09,Australia,1955-08-09,+61 366 946 4094,sayrtonb@e-recht24.de
13,Goldarina Yendall,2024-06-23,Greece,1949-10-01,+30 107 573 3163,gyendallc@dailymail.co.uk
14,Andeee Dikelin,2024-07-22,Chile,1968-08-05,+56 250 647 2927,adikelind@bbc.co.uk
15,Cathleen Hotson,2024-01-11,Indonesia,2003-09-10,+62 558 253 7140,chotsone@vinaora.com
16,Fletch Huetson,2024-05-13,Indonesia,1980-12-16,+62 254 698 2996,fhuetsonf@aboutads.info
17,Fabe Glandon,2024-07-22,Canada,1980-12-09,+1 360 751 3110,fglandong@oaic.gov.au
18,Fredia Boylan,2024-05-01,Afghanistan,1971-05-09,+93 534 143 9847,fboylanh@parallels.com
19,Ephrayim Bernette,2023-10-09,Russia,1982-08-03,+7 628 523 4750,ebernettei@multiply.com
20,Suki Piers,2023-08-14,Poland,1946-09-18,+48 554 639 7164,spiersj@hud.gov
21,Alejandra Trass,2024-01-25,China,2000-01-04,+86 964 594 0116,atrassk@prlog.org
22,Dal Reyner,2023-09-23,Russia,1999-05-14,+7 655 413 1853,dreynerl@marketwatch.com
23,Madel Retallick,2023-09-17,Portugal,2006-08-06,+351 146 955 6561,mretallickm@mac.com
24,Morna Capewell,2023-11-17,Denmark,1964-06-13,+45 428 708 5741,mcapewelln@1688.com
25,Duky Cherrison,2024-08-10,Brazil,2000-05-26,+55 274 977 1764,dcherrisono@google.nl
26,Jeremiah Easman,2023-12-14,Philippines,2001-11-25,+63 361 550 2636,jeasmanp@statcounter.com
27,Angeli Press,2023-10-14,Sweden,1963-10-12,+46 560 442 6464,apressq@bloglines.com
28,Keelia Callan,2024-05-02,Indonesia,1960-09-09,+62 560 132 2897,kcallanr@people.com.cn
29,Kele McCorkindale,2024-01-29,Indonesia,1998-04-16,+62 768 182 6190,kmccorkindales@telegraph.co.uk
30,Jerry Gantzman,2023-09-20,Indonesia,2001-07-03,+62 366 474 8059,jgantzmant@nationalgeographic.com
31,Simone Rhodus,2023-10-01,Brazil,1964-08-03,+55 365 137 1671,srhodusu@wsj.com
32,Berta Burdekin,2024-05-21,Poland,1994-05-28,+48 633 917 2941,bburdekinv@a8.net
33,Alika Ciciura,2023-10-15,Vietnam,1977-11-23,+84 842 267 5877,aciciuraw@paginegialle.it
34,Gardener Fry,2024-08-01,China,1973-04-02,+86 220 334 0643,gfryx@shareasale.com
35,Isadore Kinnerley,2023-09-28,Czech Republic,1954-12-03,+420 743 523 2670,ikinnerleyy@huffingtonpost.com
36,Kalli Tetlow,2024-07-17,Sudan,1933-03-24,+249 442 926 3678,ktetlowz@ning.com
37,Philippine Porritt,2024-04-29,China,1967-02-17,+86 385 683 9080,pporritt10@google.co.uk
38,Rodi Breeze,2024-05-25,France,1990-03-24,+33 679 489 6695,rbreeze11@about.me
39,Joyan Alasdair,2024-03-29,Ukraine,1970-05-28,+380 568 102 9428,jalasdair12@arstechnica.com
40,Vanna von Hagt,2024-06-18,Japan,1985-05-16,+81 255 846 7293,vvon13@jiathis.com
41,Lolita Shaddick,2024-04-03,Peru,1962-01-11,+51 462 811 0894,lshaddick14@gravatar.com
42,Chrissy Lyenyng,2024-03-04,Peru,1964-03-27,+51 877 627 2085,clyenyng15@sogou.com
43,Clarinda Severy,2024-04-22,Brazil,1973-02-05,+55 678 541 8100,csevery16@jugem.jp
44,Suzy Toulamain,2024-05-20,China,1936-04-30,+86 307 658 1508,stoulamain17@joomla.org
45,Bendite Ewestace,2024-03-19,Poland,1965-12-09,+48 342 815 7936,bewestace18@google.it
46,Alane Fouracre,2023-11-30,Russia,1944-05-16,+7 917 194 2052,afouracre19@gravatar.com
47,Dedra Lugg,2024-04-25,Georgia,1985-10-15,+995 945 950 5967,dlugg1a@edublogs.org
48,Ikey Olle,2024-02-20,Russia,1990-04-26,+7 221 538 7611,iolle1b@businessweek.com
49,Homere Sandal,2023-12-12,Finland,1996-02-14,+358 273 837 9202,hsandal1c@cbc.ca
50,Vachel Burbage,2024-01-13,United States,1973-06-13,+1 913 492 2109,vburbage1d@last.fm
51,Friederike Staterfield,2023-12-04,Ukraine,1945-05-14,+380 665 849 0006,fstaterfield1e@exblog.jp
52,Mela Kidsley,2023-09-09,Luxembourg,1976-03-28,+352 314 415 9316,mkidsley1f@wikipedia.org
53,Devinne Kimberley,2024-01-15,Poland,1953-05-22,+48 402 497 6039,dkimberley1g@narod.ru
54,Tatiana Dent,2024-06-08,Cuba,1962-07-17,+53 150 491 6824,tdent1h@indiegogo.com
55,Artair Trimble,2024-05-03,United States,1992-05-02,+1 804 995 2215,atrimble1i@bbb.org
56,Sam Capon,2024-04-12,Argentina,1986-04-04,+54 408 382 5716,scapon1j@phoca.cz
57,Nikolaos Truin,2024-06-21,Macedonia,1936-11-22,+389 197 871 7116,ntruin1k@w3.org
58,Jeanne Wardrop,2023-11-27,France,1952-06-15,+33 950 324 4352,jwardrop1l@about.com
59,Neal Dingley,2024-04-25,Poland,1973-06-12,+48 411 835 5994,ndingley1m@networksolutions.com
60,Lilla Pencot,2024-04-27,Tanzania,1997-08-05,+255 226 458 5229,lpencot1n@theguardian.com
61,Helenelizabeth Bouette,2024-06-26,France,1996-01-30,+33 612 859 5095,hbouette1o@bbb.org
62,Kristyn Aberdein,2023-10-22,Russia,1985-11-05,+7 107 211 3985,kaberdein1p@thetimes.co.uk
63,Fernande Stayt,2024-01-28,Malaysia,1984-10-18,+60 883 958 5641,fstayt1q@g.co
64,Linnea Peebles,2024-02-25,China,1960-02-20,+86 526 519 8579,lpeebles1r@google.ru
65,Jillayne Crossgrove,2023-09-15,China,1942-08-01,+86 290 440 0405,jcrossgrove1s@opera.com
66,Agretha Linkin,2023-09-05,France,1939-04-05,+33 660 832 6623,alinkin1t@adobe.com
67,Fin Cussen,2023-12-11,China,1948-10-12,+86 277 509 2644,fcussen1u@dell.com
68,Karee Simak,2023-12-31,Guatemala,1979-01-28,+502 645 546 7556,ksimak1v@intel.com
69,Claudell Chatelet,2023-08-23,China,1981-10-22,+86 334 986 9969,cchatelet1w@bigcartel.com
70,Blake Thurlow,2024-02-04,Montenegro,1995-10-23,+382 128 797 1421,bthurlow1x@xrea.com
71,Malina Townby,2024-06-05,Latvia,1972-10-03,+371 688 992 1123,mtownby1y@yahoo.com
72,Giustino Ragless,2024-06-13,Peru,2004-07-11,+51 204 629 5733,gragless1z@topsy.com
73,Mariquilla Ferronel,2024-03-02,Brazil,1973-10-15,+55 681 431 2354,mferronel20@whitehouse.gov
74,Lynn Mallen,2024-03-07,China,1997-09-21,+86 212 151 8744,lmallen21@blogs.com
75,Mick McNuff,2024-03-14,Croatia,1979-03-07,+385 191 986 3325,mmcnuff22@constantcontact.com
76,Cissy Murtimer,2024-03-14,Haiti,1983-09-28,+509 293 524 0153,cmurtimer23@netlog.com
77,Brigida Lyptrade,2023-10-27,Portugal,2000-03-16,+351 867 227 0775,blyptrade24@webnode.com
78,Obidiah Mewha,2024-05-23,Peru,2001-06-20,+51 250 965 0322,omewha25@g.co
79,Kirstyn Adamovsky,2024-06-29,Portugal,1951-12-18,+351 254 911 8611,kadamovsky26@acquirethisname.com
80,Raeann Hunnicutt,2023-11-16,Mexico,1977-05-19,+52 597 386 1095,rhunnicutt27@phoca.cz
81,Rasia Brownstein,2023-12-31,Malaysia,1991-07-05,+60 694 669 3855,rbrownstein28@craigslist.org
82,Carol Poltone,2024-07-31,Poland,1977-04-07,+48 995 793 7773,cpoltone29@mozilla.org
83,Bourke Alvey,2024-01-26,Peru,1996-05-23,+51 575 257 2567,balvey2a@wikipedia.org
84,Bendix Kahen,2023-09-22,Venezuela,1959-10-03,+58 834 632 8768,bkahen2b@cargocollective.com
85,Janeen Mundford,2024-04-26,Czech Republic,1943-08-22,+420 787 715 1094,jmundford2c@slate.com
86,Fred Ellingham,2024-07-24,Bulgaria,1930-11-10,+359 603 569 2781,fellingham2d@example.com
87,Nikolia Fosdyke,2023-08-15,North Korea,1983-10-08,+850 728 437 3330,nfosdyke2e@oakley.com
88,Brigham Vokes,2024-02-24,China,1980-08-13,+86 480 701 8819,bvokes2f@dropbox.com
89,Tanney McSweeney,2024-03-24,China,2005-12-07,+86 662 334 6507,tmcsweeney2g@studiopress.com
90,Nathalia Coughan,2024-07-26,France,1957-11-24,+33 830 543 0257,ncoughan2h@free.fr
91,Timothea Le Grove,2023-10-13,China,1993-02-17,+86 831 633 6808,tle2i@typepad.com
92,Aldon O'Flaherty,2023-09-26,Indonesia,1999-10-16,+62 733 946 2900,aoflaherty2j@biglobe.ne.jp
93,Liva Fidler,2024-07-08,Panama,1939-12-04,+507 844 708 3533,lfidler2k@cloudflare.com
94,Abram McLanaghan,2024-06-25,Mexico,1986-10-22,+52 875 463 1522,amclanaghan2l@nhs.uk
95,Doroteya Bellas,2023-12-30,Norway,1938-07-16,+47 379 201 9861,dbellas2m@senate.gov
96,Ellary Fosten,2023-12-02,Germany,1992-02-07,+49 162 350 5134,efosten2n@berkeley.edu
97,Kaleb Commin,2024-07-16,Brazil,1969-10-15,+55 690 179 3948,kcommin2o@bluehost.com
98,Idelle Castellucci,2024-04-04,Philippines,1942-05-11,+63 803 617 6314,icastellucci2p@epa.gov
99,Nicol Edgeon,2024-07-03,Andorra,1947-08-24,+376 188 721 3926,nedgeon2q@cam.ac.uk
100,Avram Blazek,2023-10-21,China,1938-08-31,+86 857 641 7731,ablazek2r@digg.com
101,Rae Chattelaine,2024-01-02,Russia,1943-01-25,+7 457 978 3191,rchattelaine2s@goo.gl
102,Ailis Voas,2024-01-22,Norway,1986-11-05,+47 214 911 5298,avoas2t@sphinn.com
103,Trever Yurkevich,2023-09-13,China,1981-07-07,+86 479 287 8136,tyurkevich2u@friendfeed.com
104,Andris Drewery,2023-08-18,Japan,1980-01-21,+81 856 576 2679,adrewery2v@mashable.com
105,Manny Scarlin,2024-06-02,China,1954-04-05,+86 115 840 2996,mscarlin2w@list-manage.com
106,Kelsi Whiting,2024-06-29,China,1982-08-07,+86 252 684 8094,kwhiting2x@tamu.edu
107,Willi Brommage,2023-12-15,China,1987-05-28,+86 531 980 7847,wbrommage2y@independent.co.uk
108,Madelon Gregol,2024-02-13,Bosnia and Herzegovina,1936-09-03,+387 877 717 5413,mgregol2z@smugmug.com
109,Tory Jobling,2024-05-06,Cuba,2006-07-12,+53 919 455 8055,tjobling30@yolasite.com
110,Lucas Westgate,2024-08-09,Vietnam,1945-03-05,+84 143 776 9984,lwestgate31@sbwire.com
111,Rem Sambles,2024-04-22,Indonesia,2000-02-29,+62 260 291 8852,rsambles32@xinhuanet.com
112,Jud Casarino,2024-01-14,Colombia,1951-02-04,+57 801 727 5249,jcasarino33@scribd.com
113,Brunhilda Piniur,2023-09-26,United States,1933-07-18,+1 303 811 0150,bpiniur34@cdbaby.com
114,Chev Divill,2024-02-27,Czech Republic,1976-03-10,+420 170 787 9398,cdivill35@google.com.br
115,Esdras McSherry,2024-04-04,Comoros,1962-05-07,+269 703 113 8619,emcsherry36@angelfire.com
116,Rossie Felix,2024-07-15,South Africa,1944-12-01,+27 442 731 3684,rfelix37@cdc.gov
117,Faith Sollon,2024-02-07,Poland,1960-10-11,+48 152 337 8901,fsollon38@nsw.gov.au
118,Saree Bailes,2024-08-04,Portugal,1985-11-29,+351 616 521 8500,sbailes39@europa.eu
119,Lewiss Hackworthy,2023-08-20,Mexico,1948-03-09,+52 840 640 2943,lhackworthy3a@yahoo.co.jp
120,Dolorita Wheildon,2024-02-20,Brazil,1963-03-04,+55 870 101 9339,dwheildon3b@sakura.ne.jp
121,Maridel Lanston,2024-01-08,China,1974-04-05,+86 900 464 5420,mlanston3c@unblog.fr
122,Vicki Kops,2023-10-16,Peru,1944-03-18,+51 663 959 5557,vkops3d@nps.gov
123,Ramon Elner,2024-04-01,Philippines,1974-11-22,+63 273 945 0381,relner3e@independent.co.uk
124,Hansiain Kitchiner,2023-11-03,China,2002-06-14,+86 416 183 6512,hkitchiner3f@desdev.cn
125,Graeme Sarsons,2024-05-23,China,2000-02-29,+86 342 607 9358,gsarsons3g@cafepress.com
126,Maxie Diviney,2023-12-12,Poland,1961-04-24,+48 581 951 1544,mdiviney3h@earthlink.net
127,Camile Drance,2023-11-15,Mexico,1934-10-02,+52 706 934 7700,cdrance3i@xrea.com
128,Halli Diben,2023-11-30,Indonesia,2005-07-26,+62 430 219 2174,hdiben3j@msn.com
129,Nathanil Keenlayside,2023-08-14,Serbia,1947-03-16,+381 467 894 0025,nkeenlayside3k@boston.com
130,Ignace Parade,2023-12-05,Russia,1932-02-23,+7 200 854 3057,iparade3l@mediafire.com
131,Bathsheba Mewburn,2023-12-09,Colombia,1963-12-15,+57 100 714 2646,bmewburn3m@acquirethisname.com
132,Matti Kamenar,2023-10-19,Luxembourg,1984-05-09,+352 870 793 9616,mkamenar3n@java.com
133,Abbe Flude,2024-01-10,Peru,1935-03-01,+51 638 174 4378,aflude3o@dot.gov
134,Vinny Klulicek,2023-10-25,Paraguay,2000-06-23,+595 311 906 3535,vklulicek3p@marriott.com
135,Katheryn Ransley,2024-01-25,Peru,1989-03-02,+51 335 180 3315,kransley3q@example.com
136,Aloysius Walden,2024-05-23,China,1997-04-22,+86 438 532 2284,awalden3r@psu.edu
137,Maggi Scanlin,2024-07-03,Brazil,1952-05-30,+55 673 976 6285,mscanlin3s@parallels.com
138,Sande Georges,2024-04-28,Guatemala,2000-08-18,+502 426 552 8683,sgeorges3t@google.ru
139,Dewitt Van de Vlies,2024-06-08,Palestinian Territory,2004-04-17,+970 707 146 2848,dvan3u@feedburner.com
140,Mildred Soares,2024-08-10,China,1951-05-04,+86 370 118 4451,msoares3v@china.com.cn
141,Maryjo Grimolbie,2023-11-20,Poland,1941-06-13,+48 212 331 8288,mgrimolbie3w@tinyurl.com
142,Norton Hedgecock,2024-06-12,Portugal,1949-07-20,+351 370 859 9547,nhedgecock3x@creativecommons.org
143,Hercule Revington,2024-02-05,New Zealand,1936-11-13,+64 779 314 7657,hrevington3y@sina.com.cn
144,Thoma Beart,2023-09-24,Portugal,1995-11-09,+351 820 130 6157,tbeart3z@usatoday.com
145,Nanci Matuszewski,2024-04-12,Indonesia,1998-03-09,+62 330 289 0661,nmatuszewski40@xing.com
146,Margy Grossier,2024-05-28,Croatia,1979-04-24,+385 408 346 2719,mgrossier41@nbcnews.com
147,Penni Fransson,2023-11-25,Bangladesh,1952-10-31,+880 356 695 2481,pfransson42@prlog.org
148,Allistir Issett,2023-12-15,Thailand,1936-07-19,+66 734 635 7099,aissett43@blog.com
149,Anabella Biggerstaff,2024-03-22,Indonesia,1942-02-06,+62 863 512 0577,abiggerstaff44@boston.com
150,Lucian Andrasch,2024-07-28,Russia,1973-12-16,+7 208 791 4541,landrasch45@posterous.com
151,Boote Cool,2024-04-10,Czech Republic,1999-10-14,+420 115 111 9382,bcool46@networkadvertising.org
152,Ceil McNutt,2023-09-02,United States,1936-12-31,+1 904 179 7224,cmcnutt47@who.int
153,Antonino Pendlenton,2024-03-29,Spain,2003-07-08,+34 915 127 8941,apendlenton48@printfriendly.com
154,Dorelle Risso,2023-10-07,China,1999-05-31,+86 600 735 5266,drisso49@imgur.com
155,Gerik Lates,2023-09-04,Indonesia,1953-11-05,+62 804 199 1864,glates4a@usatoday.com
156,Jaquelin Gloves,2024-01-29,Philippines,1931-05-25,+63 258 152 5094,jgloves4b@topsy.com
157,Marylinda Clem,2023-12-21,Brazil,1982-09-02,+55 872 817 1335,mclem4c@netlog.com
158,Darnell Winkell,2023-10-28,Philippines,1951-07-26,+63 163 944 5594,dwinkell4d@seattletimes.com
159,Ekaterina Crofts,2024-07-08,France,1984-11-18,+33 310 445 3007,ecrofts4e@deviantart.com
160,Wilburt Mullinder,2024-05-13,China,1969-03-23,+86 702 657 4667,wmullinder4f@eventbrite.com
161,Asa Codeman,2023-12-28,China,2003-02-12,+86 998 689 2647,acodeman4g@un.org
162,Arne Daouze,2023-10-15,Philippines,2006-01-18,+63 841 595 5268,adaouze4h@jiathis.com
163,Cyndie Ridder,2023-11-13,Micronesia,1999-04-04,+691 585 215 9001,cridder4i@behance.net
164,Bernette Ingle,2024-03-27,Russia,1948-07-27,+7 638 736 6165,bingle4j@spotify.com
165,Bambi Yepiskopov,2024-04-16,China,1987-05-08,+86 633 161 6966,byepiskopov4k@princeton.edu
166,Natal Tuft,2024-05-26,Russia,1945-11-12,+7 757 732 0798,ntuft4l@un.org
167,Palm Skiplorne,2024-04-03,Portugal,1980-08-05,+351 644 417 9995,pskiplorne4m@amazon.com
168,Flory Pennoni,2024-07-20,Venezuela,1953-08-29,+58 593 883 8991,fpennoni4n@ucsd.edu
169,Kaitlin Itzkovsky,2024-08-09,France,1980-12-02,+33 726 529 7457,kitzkovsky4o@ow.ly
170,Andie Courteney,2024-06-20,China,1993-11-22,+86 449 752 2420,acourteney4p@cbc.ca
171,Genevra Kilpin,2024-07-06,Brazil,1980-04-21,+55 185 764 0616,gkilpin4q@go.com
172,Silvano Baglow,2024-04-26,Indonesia,1938-03-25,+62 839 668 2751,sbaglow4r@360.cn
173,Hughie Larvin,2024-04-26,Philippines,1938-01-16,+63 306 631 5785,hlarvin4s@ed.gov
174,Ronny Jewes,2023-09-09,South Africa,1975-12-27,+27 252 759 6363,rjewes4t@scribd.com
175,Irvin Canfield,2023-08-19,Brazil,1988-05-03,+55 280 626 8015,icanfield4u@ask.com
176,Perkin Tremain,2023-11-20,China,1955-06-09,+86 539 196 2632,ptremain4v@vimeo.com
177,Imojean Sketchley,2024-03-12,Poland,1998-01-06,+48 717 414 1137,isketchley4w@people.com.cn
178,Xylina Sausman,2023-12-21,Russia,1991-12-29,+7 793 903 5673,xsausman4x@sciencedirect.com
179,Abba Fearon,2024-05-17,Indonesia,1955-05-16,+62 611 733 9902,afearon4y@studiopress.com
180,Guillema Whetnell,2023-09-17,Indonesia,1967-04-20,+62 990 849 6017,gwhetnell4z@cloudflare.com
181,Homerus Melburg,2023-09-20,Indonesia,1952-10-10,+62 771 250 1628,hmelburg50@buzzfeed.com
182,Natala Mahedy,2023-11-10,Gambia,1963-01-31,+220 813 331 1208,nmahedy51@utexas.edu
183,Nikki Jacobbe,2024-01-28,Brazil,1983-08-22,+55 914 189 1187,njacobbe52@jigsy.com
184,Pearle Bidewel,2024-05-15,Philippines,1960-10-31,+63 769 497 7832,pbidewel53@nydailynews.com
185,Vannie Reboulet,2024-06-16,Canada,1995-08-02,+1 981 720 2578,vreboulet54@sun.com
186,Katie Hebard,2023-11-17,Netherlands,1963-04-03,+31 817 756 5634,khebard55@sogou.com
187,Stesha Mulkerrins,2024-04-15,Argentina,1998-04-30,+54 268 800 5114,smulkerrins56@kickstarter.com
188,Francisca Goldster,2024-07-07,Russia,1998-02-17,+7 987 146 0701,fgoldster57@meetup.com
189,Allan Maldin,2023-12-13,Mexico,1947-09-05,+52 741 611 0100,amaldin58@goo.ne.jp
190,Freddie Haruard,2023-12-09,Philippines,1973-02-07,+63 445 789 2293,fharuard59@cloudflare.com
191,Marcelle Swindley,2023-12-31,China,1953-02-17,+86 283 685 8650,mswindley5a@wordpress.org
192,Zorine Bras,2024-04-30,Japan,1955-08-08,+81 984 214 7604,zbras5b@dailymail.co.uk
193,Filbert Cutriss,2024-04-22,Ghana,1965-06-10,+233 933 660 8759,fcutriss5c@histats.com
194,Abby Valett,2024-01-30,Philippines,1987-05-07,+63 714 157 8289,avalett5d@dyndns.org
195,Zachery Gleadhall,2024-06-23,Indonesia,1968-01-05,+62 526 154 9346,zgleadhall5e@cpanel.net
196,Henka Ralfe,2024-02-26,Uzbekistan,1991-04-05,+998 813 551 1391,hralfe5f@ibm.com
197,Meghann Matton,2024-01-18,Paraguay,1953-07-03,+595 392 545 1419,mmatton5g@google.co.uk
198,Lauretta Dew,2024-05-03,China,1977-04-29,+86 162 295 4457,ldew5h@hhs.gov
199,Nevsa Petrov,2024-07-14,Peru,1974-10-09,+51 723 266 2599,npetrov5i@exblog.jp
200,Karine Meeking,2023-10-21,Russia,1942-01-18,+7 446 347 0445,kmeeking5j@joomla.org
201,Elia Begent,2023-11-25,Russia,2005-01-26,+7 131 957 1514,ebegent5k@chronoengine.com
202,Chicky Tune,2024-03-12,Brazil,2000-11-08,+55 618 993 6186,ctune5l@weather.com
203,Sherie Cuer,2023-08-18,Ukraine,1995-02-17,+380 192 923 7930,scuer5m@jigsy.com
204,Portie Cobley,2024-06-26,Indonesia,1957-01-02,+62 743 629 0899,pcobley5n@washington.edu
205,Alma Neicho,2024-07-10,Philippines,1948-04-18,+63 292 511 7309,aneicho5o@usgs.gov
206,Quincey Gidney,2024-04-08,China,1956-03-29,+86 878 776 7686,qgidney5p@mac.com
207,Arney Malkin,2024-07-20,China,1976-12-11,+86 719 693 5259,amalkin5q@slashdot.org
208,Cleveland Magill,2024-07-13,South Africa,1950-01-06,+27 485 213 5059,cmagill5r@npr.org
209,Latrena Towse,2023-09-18,Italy,1993-03-28,+39 585 298 5768,ltowse5s@blinklist.com
210,Martin Dublin,2024-01-27,Italy,1985-12-01,+39 479 589 8933,mdublin5t@miitbeian.gov.cn
211,Natalina Jekyll,2023-08-26,Philippines,1988-05-19,+63 796 548 5876,njekyll5u@digg.com
212,Padriac Vernazza,2024-08-01,Poland,1985-12-03,+48 614 941 8150,pvernazza5v@scribd.com
213,Sander Behnen,2024-07-09,China,1947-06-06,+86 318 680 9959,sbehnen5w@ox.ac.uk
214,Fremont Camillo,2024-08-12,Democratic Republic of the Congo,1990-05-23,+242 287 123 3402,fcamillo5x@1688.com
215,Martelle Mabbutt,2023-10-18,Ukraine,1974-06-12,+380 701 514 8306,mmabbutt5y@prweb.com
216,Briney Riddell,2023-12-15,Czech Republic,1974-06-25,+420 578 780 0114,briddell5z@blogs.com
217,Frants Fardy,2024-07-16,Greece,2005-11-24,+30 417 971 2964,ffardy60@nyu.edu
218,Tirrell Vockings,2023-09-27,Albania,1963-08-24,+355 275 538 7268,tvockings61@booking.com
219,Kimberlee Tancock,2023-09-16,United Kingdom,2003-08-26,+44 977 652 0406,ktancock62@reference.com
220,Yalonda Manssuer,2024-01-21,Poland,1984-11-08,+48 629 434 0211,ymanssuer63@house.gov
221,Bartholomew Gotcliffe,2023-12-08,China,1952-11-16,+86 896 800 9956,bgotcliffe64@google.ca
222,Ilene Lenin,2024-02-23,Indonesia,1936-11-04,+62 859 498 9317,ilenin65@mapy.cz
223,Gilles Joannic,2023-09-18,Peru,1988-01-30,+51 354 967 6261,gjoannic66@reddit.com
224,Elva Shakesbye,2024-06-17,China,1973-10-19,+86 812 381 8297,eshakesbye67@accuweather.com
225,Marnia Bowhay,2024-08-01,Indonesia,1951-11-16,+62 323 904 3492,mbowhay68@redcross.org
226,Devonna Shutler,2023-08-14,Mexico,1957-02-25,+52 292 309 9652,dshutler69@trellian.com
227,Hortense Whyke,2024-05-08,Sweden,1955-12-02,+46 192 814 2543,hwhyke6a@mit.edu
228,Kingston Aldren,2023-09-05,Philippines,1940-03-26,+63 482 692 4802,kaldren6b@ed.gov
229,Cristina Hay,2023-11-03,Poland,1958-03-21,+48 585 403 2852,chay6c@mysql.com
230,Gordy Habbema,2023-12-22,Russia,1954-01-13,+7 661 130 4737,ghabbema6d@wordpress.com
231,Broderic Bohler,2023-12-28,Indonesia,1985-06-21,+62 125 763 5293,bbohler6e@cafepress.com
232,Franz D'Cruze,2023-12-19,Portugal,1932-08-13,+351 312 132 7550,fdcruze6f@uiuc.edu
233,Andres Tootal,2024-06-19,France,1974-09-24,+33 185 137 1685,atootal6g@feedburner.com
234,Petunia Fydoe,2024-08-09,Ecuador,1934-08-27,+593 177 774 0512,pfydoe6h@go.com
235,Jaime Merryman,2023-12-21,China,1997-10-26,+86 240 984 1394,jmerryman6i@techcrunch.com
236,Camilla Skinn,2024-06-04,Peru,1934-09-13,+51 671 369 8998,cskinn6j@miibeian.gov.cn
237,Bink Blackesland,2024-02-06,Russia,1976-04-02,+7 418 778 9077,bblackesland6k@macromedia.com
238,Nerti Vila,2023-10-22,China,1947-08-25,+86 322 239 8241,nvila6l@technorati.com
239,Tabbitha Olenchenko,2023-11-16,China,2001-09-24,+86 595 829 7406,tolenchenko6m@washington.edu
240,Liane Dissman,2024-04-24,Chad,1980-02-13,+235 872 835 7655,ldissman6n@bravesites.com
241,Keelia Diment,2024-03-06,Portugal,2004-05-27,+351 327 813 4978,kdiment6o@ow.ly
242,Neilla Habbal,2023-09-13,Indonesia,1987-05-20,+62 230 304 7713,nhabbal6p@godaddy.com
243,Sue Plester,2024-07-15,Portugal,1962-05-04,+351 950 990 0374,splester6q@sfgate.com
244,Corrie Lambell,2023-12-14,Philippines,1973-03-25,+63 187 353 9926,clambell6r@miibeian.gov.cn
245,Rivi Wyllis,2024-07-23,China,1952-04-09,+86 188 238 8644,rwyllis6s@wikimedia.org
246,Liva Dreghorn,2024-05-29,Germany,1931-01-23,+49 939 389 5801,ldreghorn6t@diigo.com
247,Hoyt Andraud,2024-06-23,Zimbabwe,1962-11-05,+263 251 489 4054,handraud6u@jimdo.com
248,Avril O' Quirk,2024-02-10,South Africa,1939-11-03,+27 442 243 1400,ao6v@noaa.gov
249,Ailey Ram,2023-11-13,Equatorial Guinea,1996-08-19,+240 697 251 1370,aram6w@arizona.edu
250,Aigneis Warstall,2024-05-28,Tanzania,1959-03-02,+255 655 992 0134,awarstall6x@discuz.net
251,Glendon Folbig,2024-04-23,Armenia,1956-11-22,+374 556 662 6898,gfolbig6y@google.cn
252,Drusilla Fall,2024-05-27,China,1972-07-04,+86 137 320 3560,dfall6z@ovh.net
253,Linoel Chatelot,2024-01-01,France,1972-04-21,+33 471 617 7888,lchatelot70@prlog.org
254,Marena Armstrong,2024-01-31,China,1993-09-22,+86 566 988 8705,marmstrong71@people.com.cn
255,Lee Dumbelton,2023-12-23,Democratic Republic of the Congo,1933-05-08,+242 706 324 9841,ldumbelton72@free.fr
256,Bogart Mebs,2024-01-31,Brazil,1986-09-09,+55 457 763 6224,bmebs73@yellowpages.com
257,Megan Faust,2024-06-28,Russia,1981-09-15,+7 193 466 1717,mfaust74@narod.ru
258,Anatol Yerby,2024-06-27,Peru,1976-05-09,+51 543 551 3307,ayerby75@washington.edu
259,Reamonn Bolstridge,2024-06-01,Argentina,1959-05-11,+54 887 305 2451,rbolstridge76@china.com.cn
260,Jaquelin Michin,2023-12-18,Central African Republic,1980-07-30,+236 675 472 4667,jmichin77@stumbleupon.com
261,Susan Mennear,2023-08-26,Peru,1950-07-04,+51 375 349 6021,smennear78@rakuten.co.jp
262,Noell Shead,2024-04-24,Malaysia,1975-01-19,+60 809 876 5123,nshead79@netvibes.com
263,Issi Hardage,2023-11-21,Uruguay,1954-11-13,+598 664 644 3219,ihardage7a@slideshare.net
264,Ferrel Mattosoff,2024-08-09,Indonesia,1969-06-19,+62 697 324 1239,fmattosoff7b@hud.gov
265,Jae Wissbey,2024-05-11,Indonesia,1986-03-28,+62 962 191 2743,jwissbey7c@sourceforge.net
266,Yardley Baptist,2024-04-10,Zimbabwe,1948-05-01,+263 816 151 3330,ybaptist7d@tinyurl.com
267,Iseabal Croll,2024-06-03,Brazil,1974-12-15,+55 118 510 4596,icroll7e@xinhuanet.com
268,Grady Caddie,2024-05-25,Greece,1966-02-18,+30 315 118 1452,gcaddie7f@engadget.com
269,Yard Sibson,2024-02-03,China,1931-06-14,+86 120 888 0555,ysibson7g@npr.org
270,Editha Ovesen,2023-10-05,Yemen,1985-06-30,+967 855 231 0992,eovesen7h@ftc.gov
271,Abigale Merrigan,2023-12-30,Indonesia,1975-04-20,+62 177 171 0828,amerrigan7i@1688.com
272,Tisha Wilcher,2024-06-08,Pakistan,1994-01-17,+92 270 958 3255,twilcher7j@amazon.de
273,Benita Pinkerton,2023-09-08,Canada,1958-05-25,+1 645 230 6713,bpinkerton7k@soup.io
274,Cherilynn Blackman,2023-10-16,Nepal,2000-01-06,+977 331 786 6879,cblackman7l@nymag.com
275,Kalle Maben,2023-12-14,Japan,1933-10-13,+81 459 179 3261,kmaben7m@bigcartel.com
276,Sandra Levecque,2023-11-17,Philippines,1955-02-02,+63 542 833 5206,slevecque7n@php.net
277,Katharine Jeanet,2024-04-29,China,2000-06-19,+86 148 935 4826,kjeanet7o@chron.com
278,Issiah Antoniak,2024-04-25,Brazil,1959-08-01,+55 454 818 2899,iantoniak7p@patch.com
279,Locke Sheffield,2024-06-12,Latvia,1978-07-10,+371 329 619 9725,lsheffield7q@etsy.com
280,Addy Lucy,2024-03-14,Thailand,2004-10-24,+66 598 394 0660,alucy7r@ezinearticles.com
281,Anjanette Rollin,2023-12-23,South Africa,1942-10-18,+27 842 111 1596,arollin7s@toplist.cz
282,Korry Dingsdale,2023-10-03,Indonesia,1933-09-24,+62 525 252 7377,kdingsdale7t@wikia.com
283,Boyd Boame,2023-08-20,Indonesia,1957-06-13,+62 335 243 8888,bboame7u@google.it
284,Merridie Gradly,2023-09-03,Philippines,1974-04-04,+63 591 745 3332,mgradly7v@nydailynews.com
285,Ranee Mose,2024-05-29,Sudan,1955-11-16,+249 375 442 8062,rmose7w@telegraph.co.uk
286,Clay Blowing,2024-03-20,Peru,1971-01-20,+51 900 129 5866,cblowing7x@hubpages.com
287,Douglas Geldeford,2023-08-31,Peru,2001-06-12,+51 478 558 5598,dgeldeford7y@nbcnews.com
288,Daphna Parry,2024-07-22,Pakistan,1983-07-21,+92 741 990 3320,dparry7z@bluehost.com
289,Constantina Darben,2023-09-14,Poland,1991-01-18,+48 284 544 5921,cdarben80@taobao.com
290,Nessa Gaunter,2024-06-13,Indonesia,1994-03-12,+62 500 923 2333,ngaunter81@twitter.com
291,Abbot Auchterlonie,2024-07-07,Indonesia,1941-04-18,+62 780 779 8142,aauchterlonie82@desdev.cn
292,Husein Raybould,2023-10-09,Armenia,1975-04-24,+374 559 408 5186,hraybould83@google.nl
293,Kacey Kristof,2023-12-22,China,1969-10-29,+86 712 984 9301,kkristof84@edublogs.org
294,Esteban O'Corrane,2024-02-28,China,2002-08-18,+86 479 364 3856,eocorrane85@instagram.com
295,Jeni Castro,2024-06-18,Yemen,1946-11-03,+967 604 990 9051,jcastro86@sogou.com
296,Karim Josefovic,2024-02-29,China,1971-05-27,+86 348 256 2426,kjosefovic87@seattletimes.com
297,Ardys Sabathe,2024-06-27,Ukraine,2003-08-29,+380 274 435 0546,asabathe88@freewebs.com
298,Malissia Allibone,2024-01-02,Philippines,1931-09-26,+63 158 804 7095,mallibone89@cargocollective.com
299,Avrom Engall,2023-11-29,Russia,1984-10-02,+7 459 312 0031,aengall8a@va.gov
300,Sidoney Eyam,2024-02-03,Bolivia,1980-06-14,+591 616 596 5283,seyam8b@walmart.com
301,Alvina Domeny,2024-04-13,Indonesia,1942-11-22,+62 706 794 7932,adomeny8c@alexa.com
302,Yuma Deal,2024-01-13,Japan,1944-08-17,+81 936 394 0807,ydeal8d@yellowpages.com
303,Bronnie Lippini,2023-11-10,China,1957-04-14,+86 124 488 1962,blippini8e@rakuten.co.jp
304,Rawley Melsom,2024-08-13,China,1947-08-01,+86 757 301 3330,rmelsom8f@youku.com
305,Fanya Wimbury,2024-08-03,Peru,1948-11-13,+51 579 967 1980,fwimbury8g@unblog.fr
306,Megen Sedgemond,2024-01-20,Colombia,1985-02-21,+57 476 690 7321,msedgemond8h@flavors.me
307,Renaud Christopher,2024-07-02,China,1962-12-26,+86 882 256 3711,rchristopher8i@berkeley.edu
308,Griswold Hessle,2024-01-05,Vietnam,1961-02-05,+84 252 911 1339,ghessle8j@studiopress.com
309,Dyane Muscat,2024-03-29,Vietnam,1967-10-04,+84 663 266 9580,dmuscat8k@china.com.cn
310,Cairistiona Bullivent,2024-06-01,Russia,1964-04-10,+7 124 568 9447,cbullivent8l@printfriendly.com
311,Kathye Baudinot,2023-10-30,Indonesia,1988-01-04,+62 401 666 3450,kbaudinot8m@tumblr.com
312,Ollie Estable,2024-06-26,Philippines,1958-07-18,+63 890 956 8085,oestable8n@networksolutions.com
313,Mireille L'Amie,2023-12-12,Portugal,1970-10-20,+351 745 264 9036,mlamie8o@last.fm
314,Roseanna Sambrok,2024-06-20,Palestinian Territory,2003-08-27,+970 470 172 4365,rsambrok8p@yahoo.co.jp
315,Violetta Siege,2023-12-12,Canada,1955-07-06,+1 803 213 5937,vsiege8q@purevolume.com
316,Roby Moon,2024-03-26,United States,1998-03-24,+1 716 392 1919,rmoon8r@dell.com
317,Justis Sear,2024-06-05,France,1993-10-21,+33 968 348 4946,jsear8s@gmpg.org
318,Guthrey Costard,2024-03-11,China,1987-08-31,+86 321 408 3114,gcostard8t@gov.uk
319,Kennan Fyldes,2023-09-05,Uruguay,1961-05-12,+598 188 783 7744,kfyldes8u@home.pl
320,Amitie Patey,2023-09-11,Indonesia,1953-11-23,+62 525 714 2834,apatey8v@desdev.cn
321,Brandy Cookney,2024-05-31,Argentina,1978-01-13,+54 218 849 5406,bcookney8w@taobao.com
322,Celestina Benoi,2024-04-14,Russia,1952-05-21,+7 580 356 9337,cbenoi8x@posterous.com
323,Berte Martusov,2024-07-02,Afghanistan,1957-03-28,+93 531 131 7274,bmartusov8y@google.ru
324,Derby Schultes,2024-01-21,Russia,1977-04-22,+7 792 405 9546,dschultes8z@latimes.com
325,Sharon Hitscher,2024-07-07,United States,1948-06-09,+1 941 523 5316,shitscher90@elegantthemes.com
326,Ric Ximenez,2023-11-30,China,1986-05-15,+86 745 390 5010,rximenez91@sohu.com
327,Flin Anyene,2024-03-03,Eritrea,1999-09-21,+291 108 303 6550,fanyene92@lulu.com
328,Winfield Scrimshire,2024-04-27,Philippines,1938-04-22,+63 488 274 7920,wscrimshire93@goodreads.com
329,Hubie Eskriett,2024-04-14,Ukraine,1941-11-05,+380 635 287 5875,heskriett94@imgur.com
330,Aile Lanchbery,2024-03-31,Armenia,1939-03-29,+374 480 433 1323,alanchbery95@ehow.com
331,Nicki Wellman,2024-02-09,Slovenia,2005-10-25,+386 937 689 9430,nwellman96@gmpg.org
332,Ester Trace,2024-05-22,Kuwait,1935-12-07,+965 690 797 8140,etrace97@rediff.com
333,Deloris Terrey,2023-10-12,Colombia,1945-10-22,+57 207 614 7030,dterrey98@state.tx.us
334,Merrie Sander,2023-11-27,Japan,1981-06-26,+81 506 726 2397,msander99@themeforest.net
335,Deerdre Jeffcoat,2024-04-28,Papua New Guinea,1982-01-11,+675 657 569 8834,djeffcoat9a@forbes.com
336,Lazare Jiruch,2024-05-06,France,1990-05-18,+33 835 547 1888,ljiruch9b@ow.ly
337,Elizabet Yancey,2024-01-05,Guatemala,1975-03-14,+502 425 292 5207,eyancey9c@cornell.edu
338,Gerek Stealfox,2024-06-27,Indonesia,1941-01-07,+62 803 609 0247,gstealfox9d@psu.edu
339,Ches Golborn,2023-10-04,Japan,1962-02-22,+81 203 204 3846,cgolborn9e@reddit.com
340,Adda Folliss,2023-09-19,Poland,1976-09-14,+48 429 627 3961,afolliss9f@cam.ac.uk
341,Ulrikaumeko Stuchbury,2024-03-01,Indonesia,1939-10-31,+62 117 717 2485,ustuchbury9g@booking.com
342,Reggie Cuddon,2023-11-18,Brazil,1966-07-07,+55 323 483 3467,rcuddon9h@dyndns.org
343,Chester Vernazza,2023-12-27,Jamaica,1964-08-24,+1 727 538 1802,cvernazza9i@pcworld.com
344,Wain Willmett,2023-08-26,Philippines,1954-10-11,+63 542 634 4352,wwillmett9j@goo.gl
345,Atalanta Hakonsen,2024-03-04,Canada,1992-05-30,+1 974 265 8062,ahakonsen9k@themeforest.net
346,Henderson Tisun,2023-08-21,Democratic Republic of the Congo,1951-11-25,+242 708 374 2891,htisun9l@skype.com
347,Latisha Shrubshall,2024-04-11,Indonesia,1930-12-15,+62 439 473 9007,lshrubshall9m@rediff.com
348,Gail Boc,2024-02-24,Canada,1931-06-16,+1 594 501 6269,gboc9n@who.int
349,Theodore Tebbitt,2023-09-26,Thailand,1950-02-27,+66 835 951 3156,ttebbitt9o@tuttocitta.it
350,Aldric Stonebanks,2024-03-29,Brazil,1935-11-07,+55 948 851 6886,astonebanks9p@purevolume.com
351,Leah Chopy,2024-05-23,Colombia,1944-03-30,+57 892 146 3458,lchopy9q@comsenz.com
352,Boot Gradly,2023-08-21,Sweden,1963-02-12,+46 264 526 4300,bgradly9r@blogspot.com
353,Leonore Brinsford,2023-09-14,Indonesia,1971-12-27,+62 632 718 3062,lbrinsford9s@de.vu
354,Megan Trudgion,2023-10-26,Thailand,1949-09-24,+66 636 541 5629,mtrudgion9t@instagram.com
355,Ralina Keyme,2024-07-01,Belarus,2004-08-04,+375 131 726 3552,rkeyme9u@tmall.com
356,Janel Reagan,2024-07-11,Peru,1966-07-18,+51 929 876 8069,jreagan9v@sohu.com
357,Nelli Bigly,2024-04-06,Russia,1986-06-09,+7 974 281 0632,nbigly9w@cbslocal.com
358,Liane Longwood,2024-03-30,Guatemala,1971-12-30,+502 950 284 0109,llongwood9x@ihg.com
359,Gerrie Cleaver,2023-12-15,Sweden,1945-07-22,+46 611 222 5383,gcleaver9y@over-blog.com
360,Jimmie Whatley,2024-08-10,China,1998-11-29,+86 385 752 9315,jwhatley9z@com.com
361,Dale Sealeaf,2024-02-16,France,1965-05-11,+33 561 362 7625,dsealeafa0@arizona.edu
362,Robbin Geldard,2023-08-28,Czech Republic,1953-12-05,+420 837 122 0514,rgeldarda1@hhs.gov
363,Kahlil Byrkmyr,2024-06-10,Poland,1973-05-11,+48 894 524 5597,kbyrkmyra2@godaddy.com
364,Hank Oxnam,2024-05-16,Japan,1982-07-09,+81 224 106 9722,hoxnama3@examiner.com
365,Vittorio Biddles,2024-07-08,Mongolia,1967-01-22,+976 991 829 2733,vbiddlesa4@patch.com
366,Carl Longlands,2023-10-11,China,1948-07-04,+86 695 895 1577,clonglandsa5@edublogs.org
367,Sibbie Beasley,2024-07-30,China,1937-12-01,+86 830 841 2766,sbeasleya6@cnbc.com
368,Goober Lilywhite,2023-11-18,Indonesia,1992-12-26,+62 377 464 7529,glilywhitea7@pcworld.com
369,Barty Kislingbury,2023-12-10,Philippines,1982-09-18,+63 342 578 4629,bkislingburya8@economist.com
370,Olivero Lant,2024-07-02,Russia,1966-11-20,+7 833 843 2994,olanta9@netlog.com
371,Nicki Rassell,2024-08-08,Russia,1936-10-30,+7 230 251 4921,nrassellaa@dailymotion.com
372,Elayne White,2024-04-29,China,1979-12-19,+86 100 429 4753,ewhiteab@de.vu
373,Fonzie Rochewell,2024-01-30,Indonesia,1987-02-23,+62 637 667 7363,frochewellac@topsy.com
374,Curtis Buncher,2023-12-29,Bulgaria,1988-12-28,+359 896 911 1300,cbuncherad@nba.com
375,Martin Bestall,2024-05-07,Norway,1977-03-18,+47 583 989 9830,mbestallae@google.com.au
376,Fionnula Sailor,2023-12-13,France,1955-06-12,+33 502 881 1181,fsailoraf@about.me
377,Felipa Evered,2024-03-03,Poland,1968-05-15,+48 607 523 6262,feveredag@wsj.com
378,Wilmette Sallenger,2023-12-14,Mongolia,1982-01-28,+976 220 491 6260,wsallengerah@kickstarter.com
379,Major Eate,2023-09-05,Poland,1948-09-20,+48 438 990 5149,meateai@about.me
380,Brook Poynzer,2024-02-04,China,1974-07-09,+86 197 136 1210,bpoynzeraj@state.tx.us
381,Nicki Scain,2024-01-28,Malawi,1940-05-27,+265 817 435 0658,nscainak@timesonline.co.uk
382,Gayleen De la Feld,2024-06-21,Poland,1941-12-28,+48 356 994 8806,gdeal@google.com.au
383,Carma Hinkens,2024-05-27,Portugal,1949-05-16,+351 643 377 0820,chinkensam@bloglines.com
384,Mercy Cornehl,2023-11-01,Cuba,1970-01-14,+53 444 764 9904,mcornehlan@toplist.cz
385,Renata Rickeard,2024-05-24,Chile,1943-12-22,+56 257 307 4615,rrickeardao@biglobe.ne.jp
386,Lavinie Duckerin,2024-01-03,Sweden,2000-11-01,+46 457 382 9947,lduckerinap@wunderground.com
387,Tamara Ramsby,2024-04-16,Azerbaijan,1979-05-07,+994 468 301 3241,tramsbyaq@indiegogo.com
388,Janos Aizikowitz,2024-05-19,Somalia,1969-02-25,+252 543 617 4035,jaizikowitzar@liveinternet.ru
389,Gratia Gierck,2024-04-16,China,1990-04-06,+86 386 224 5925,ggierckas@blinklist.com
390,Marianne Berthot,2024-07-04,Indonesia,1947-01-24,+62 151 704 1617,mberthotat@fastcompany.com
391,Nickola Shermore,2024-01-20,Kazakhstan,1998-10-17,+7 460 109 9443,nshermoreau@bbc.co.uk
392,Maryl Macon,2024-06-08,Poland,1935-06-21,+48 962 281 8813,mmaconav@spiegel.de
393,Regan Bearcock,2024-07-19,Pakistan,1987-02-22,+92 916 380 3785,rbearcockaw@dailymotion.com
394,Chance Quesne,2023-09-05,Russia,1991-04-26,+7 182 692 3898,cquesneax@hao123.com
395,Tomasine Follacaro,2023-09-19,Portugal,1999-10-15,+351 227 887 4145,tfollacaroay@gov.uk
396,Clemmie Causey,2023-10-02,Greece,1997-11-02,+30 879 327 3909,ccauseyaz@mashable.com
397,Gerhardt Tweed,2024-06-06,Argentina,1960-05-25,+54 860 778 5831,gtweedb0@soup.io
398,Kynthia von Nassau,2023-10-07,China,1997-02-20,+86 572 841 8665,kvonb1@apple.com
399,Maribel Worley,2024-04-21,China,1970-05-06,+86 389 710 5163,mworleyb2@toplist.cz
400,Carolan Thirlaway,2024-06-12,Guatemala,1975-12-14,+502 920 336 7451,cthirlawayb3@latimes.com
401,Gradey Ruslen,2024-07-10,Armenia,1932-10-24,+374 313 108 6799,gruslenb4@tinypic.com
402,Zollie Galier,2024-01-24,China,1969-07-04,+86 587 380 9885,zgalierb5@studiopress.com
403,Felic Astman,2024-01-28,Brazil,1962-07-04,+55 602 386 9640,fastmanb6@devhub.com
404,Steffen McGlew,2024-06-14,Czech Republic,1950-07-19,+420 911 941 5874,smcglewb7@xing.com
405,Nickola Losty,2024-05-10,Netherlands,1955-08-30,+31 271 223 2579,nlostyb8@bing.com
406,Ricki Giorgioni,2024-01-13,China,1932-06-30,+86 209 314 4449,rgiorgionib9@redcross.org
407,Doralia Twiggins,2024-05-27,Poland,1984-11-24,+48 907 363 6933,dtwigginsba@accuweather.com
408,Liane Mackney,2023-09-20,Guatemala,1988-05-10,+502 954 642 3353,lmackneybb@si.edu
409,Logan Willmetts,2023-11-25,Russia,1967-02-15,+7 183 148 0250,lwillmettsbc@time.com
410,Simeon Dubarry,2024-04-27,Tunisia,1999-05-15,+216 313 971 0824,sdubarrybd@ifeng.com
411,Edsel MacClinton,2023-08-29,Portugal,1962-04-08,+351 301 839 7225,emacclintonbe@ow.ly
412,Gerda Huffa,2024-06-14,France,1962-10-23,+33 162 471 7096,ghuffabf@google.ca
413,Nicolis Ladley,2024-04-06,Indonesia,1974-05-15,+62 834 814 1489,nladleybg@cnn.com
414,Ruth Maddaford,2023-08-28,Peru,1946-11-02,+51 781 330 8972,rmaddafordbh@narod.ru
415,Ariana Bristow,2024-05-29,Mauritania,1961-07-21,+222 274 453 3293,abristowbi@etsy.com
416,Carlita Ilyin,2024-07-07,United Kingdom,2001-04-25,+44 765 617 3531,cilyinbj@ca.gov
417,Nadeen Mitchell,2023-11-29,Czech Republic,1957-09-01,+420 289 678 1364,nmitchellbk@canalblog.com
418,Alvin Pirolini,2023-09-10,Armenia,1938-08-15,+374 379 730 6202,apirolinibl@elpais.com
419,Ashla Petrusch,2023-10-17,Morocco,1943-12-31,+212 676 104 7546,apetruschbm@goo.ne.jp
420,Eleonora Mandres,2023-09-23,China,1937-03-07,+86 242 559 4335,emandresbn@imgur.com
421,Demetrius Oscroft,2023-11-08,Sri Lanka,2001-05-05,+94 760 430 0784,doscroftbo@nba.com
422,Julianna Dohms,2024-01-03,Philippines,1938-10-05,+63 103 682 3447,jdohmsbp@dion.ne.jp
423,Riley Buzzing,2023-10-30,Sweden,1963-07-19,+46 692 447 9944,rbuzzingbq@hc360.com
424,Idell Georgelin,2024-03-05,Indonesia,1965-01-25,+62 281 275 1770,igeorgelinbr@devhub.com
425,Fredericka Follit,2023-11-18,Namibia,1963-04-29,+264 121 796 0962,ffollitbs@omniture.com
426,Gayla Bailes,2023-10-08,South Korea,1987-10-07,+82 628 870 7879,gbailesbt@wunderground.com
427,Angelique Kornousek,2024-05-26,Ethiopia,1980-02-07,+251 344 618 5056,akornousekbu@unicef.org
428,Ave Torrisi,2024-02-18,Russia,1957-02-23,+7 599 932 3463,atorrisibv@google.cn
429,Shandra Felkin,2024-08-01,Cyprus,1985-10-04,+357 922 761 1927,sfelkinbw@networksolutions.com
430,Gabriello Jorgesen,2024-01-23,Swaziland,1984-10-06,+268 428 700 7802,gjorgesenbx@berkeley.edu
431,Ty Gilder,2023-11-12,Tanzania,1933-11-07,+255 995 757 7664,tgilderby@patch.com
432,Cynthie Strattan,2023-11-01,Guatemala,2005-10-01,+502 889 381 5308,cstrattanbz@meetup.com
433,Jimmie Hubbins,2024-05-26,China,1966-06-07,+86 498 680 0146,jhubbinsc0@tumblr.com
434,Clay Boolsen,2024-04-29,Canada,2002-11-17,+1 601 685 8044,cboolsenc1@google.com.hk
435,Vasily Du Barry,2024-06-29,Russia,1964-04-27,+7 243 939 5107,vduc2@cornell.edu
436,Muhammad Sambath,2024-02-18,Mali,1936-10-13,+223 392 333 2222,msambathc3@sphinn.com
437,Colette Seaborne,2024-02-07,Indonesia,1937-10-30,+62 632 604 2824,cseabornec4@1und1.de
438,Theodor Chesman,2023-12-04,Serbia,1986-11-13,+381 456 562 5600,tchesmanc5@delicious.com
439,Jake Camsey,2024-06-19,Poland,1957-06-30,+48 825 581 2246,jcamseyc6@senate.gov
440,Ginevra Hulcoop,2023-10-04,Sweden,1992-07-08,+46 935 771 0575,ghulcoopc7@last.fm
441,Dagmar Robertsen,2024-05-20,Bolivia,1979-08-25,+591 480 208 9640,drobertsenc8@storify.com
442,Felice Rubinowitz,2024-01-06,Peru,1949-05-21,+51 909 396 0035,frubinowitzc9@ezinearticles.com
443,Maybelle Loveridge,2024-01-25,Serbia,1952-02-04,+381 861 679 8192,mloveridgeca@princeton.edu
444,Bary Leavy,2024-06-09,Iran,1997-01-17,+98 228 631 2966,bleavycb@springer.com
445,Kerwin Bellison,2024-05-16,Kazakhstan,1977-05-10,+7 905 638 7725,kbellisoncc@google.co.uk
446,Bevin Mordacai,2024-03-25,Sweden,1983-10-09,+46 343 736 0055,bmordacaicd@aboutads.info
447,Lorelle Baxstair,2024-07-24,Russia,1989-03-09,+7 155 936 9725,lbaxstairce@economist.com
448,Darill Defew,2023-11-18,Greece,1956-05-26,+30 517 438 4650,ddefewcf@admin.ch
449,Sal Pressdee,2024-05-13,Armenia,1991-02-04,+374 382 220 5113,spressdeecg@multiply.com
450,Nanine Sorro,2024-07-07,Indonesia,1988-06-25,+62 610 626 5592,nsorroch@reuters.com
451,Vern Juden,2024-08-01,Canada,1986-12-29,+1 543 781 7500,vjudenci@webs.com
452,Butch Annies,2023-11-12,Philippines,2005-07-14,+63 277 598 3102,banniescj@furl.net
453,Erv Le Moucheux,2023-09-30,Indonesia,1985-11-23,+62 727 625 6400,eleck@sourceforge.net
454,Melba Glowacki,2024-01-16,Guatemala,1997-12-07,+502 838 703 6066,mglowackicl@hhs.gov
455,Mil Splain,2023-11-24,Philippines,1996-10-23,+63 761 245 6243,msplaincm@pbs.org
456,Ali Pinn,2023-10-06,United States,1937-05-02,+1 574 264 7167,apinncn@addtoany.com
457,Madelaine Gantzman,2024-01-11,Russia,1997-01-23,+7 726 843 0767,mgantzmanco@sina.com.cn
458,Aldrich Passfield,2023-12-14,China,1931-12-30,+86 955 437 4286,apassfieldcp@usda.gov
459,Ban Bagguley,2024-02-21,China,1946-10-09,+86 215 476 4151,bbagguleycq@marriott.com
460,Bear Noot,2023-11-30,Brazil,1946-10-12,+55 436 909 9823,bnootcr@squarespace.com
461,Maighdiln Pavek,2024-08-02,Indonesia,2003-07-02,+62 385 314 5783,mpavekcs@loc.gov
462,Ellwood Ginman,2024-02-22,Philippines,1935-01-24,+63 837 583 5227,eginmanct@independent.co.uk
463,Orton Brasener,2024-02-22,Portugal,1991-08-25,+351 721 445 1990,obrasenercu@irs.gov
464,Teddy McGonnell,2023-09-27,Philippines,1950-07-08,+63 568 338 7690,tmcgonnellcv@wiley.com
465,Ronica Curwen,2024-06-29,Nigeria,1989-05-04,+234 455 755 0043,rcurwencw@com.com
466,Patricio Tschierse,2024-04-23,Poland,1995-10-23,+48 581 431 6345,ptschiersecx@e-recht24.de
467,Aileen Thaw,2024-07-11,Indonesia,1943-12-04,+62 246 573 4882,athawcy@reference.com
468,Dorena Ughi,2024-02-24,Latvia,1932-09-13,+371 980 584 0283,dughicz@ibm.com
469,Krystle Throughton,2024-01-20,China,1936-06-27,+86 624 318 9220,kthroughtond0@sciencedirect.com
470,Monty Gerbi,2024-07-21,Thailand,1994-01-04,+66 795 478 2895,mgerbid1@godaddy.com
471,Felizio Woolger,2024-08-04,Afghanistan,1937-07-24,+93 887 629 2096,fwoolgerd2@oracle.com
472,Clair Auty,2023-10-23,Indonesia,1962-01-30,+62 218 517 7986,cautyd3@epa.gov
473,Marcille Mandel,2023-09-05,Indonesia,1984-07-09,+62 260 282 1403,mmandeld4@sogou.com
474,Reidar McKerrow,2024-05-27,Venezuela,1954-01-04,+58 990 305 9766,rmckerrowd5@eventbrite.com
475,Jada Degnen,2024-04-11,Peru,2000-05-01,+51 556 711 3259,jdegnend6@drupal.org
476,Bradly Usborn,2024-08-05,Brazil,1945-02-12,+55 414 172 5042,busbornd7@sohu.com
477,Vanya Whettleton,2024-03-07,Sierra Leone,1980-10-19,+232 356 484 4886,vwhettletond8@rediff.com
478,Hogan Seman,2024-02-14,Indonesia,1978-05-25,+62 846 630 1398,hsemand9@github.com
479,Joaquin Flute,2024-04-13,China,1990-09-09,+86 665 635 8024,jfluteda@paypal.com
480,Melodee Pinel,2024-07-04,Israel,1997-10-21,+972 586 570 9265,mpineldb@sakura.ne.jp
481,Chester Vasilevich,2024-03-29,South Korea,1933-12-07,+82 332 569 3820,cvasilevichdc@behance.net
482,D'arcy Lindman,2024-07-26,Uzbekistan,1972-02-28,+998 351 322 6263,dlindmandd@home.pl
483,Margaux Putnam,2023-08-22,China,1965-11-16,+86 109 646 1444,mputnamde@meetup.com
484,Pamela Tomaskov,2023-08-14,Indonesia,1991-05-05,+62 388 280 1977,ptomaskovdf@nydailynews.com
485,Maisie Broseman,2023-09-03,Liberia,1980-12-30,+231 772 416 1053,mbrosemandg@time.com
486,Belita Putland,2024-02-12,Greece,1973-07-25,+30 433 198 1406,bputlanddh@time.com
487,Fairlie Farlow,2024-02-04,Egypt,1985-11-01,+20 324 570 0413,ffarlowdi@discuz.net
488,Brynne Buttle,2024-02-27,Sweden,1990-06-19,+46 997 894 5231,bbuttledj@seesaa.net
489,Eward Sommerlin,2023-09-28,Philippines,1957-07-05,+63 190 650 0919,esommerlindk@ca.gov
490,Patsy Corsor,2023-11-03,Indonesia,2000-03-04,+62 652 260 6936,pcorsordl@yahoo.co.jp
491,Saraann St Leger,2024-05-22,Poland,1969-03-04,+48 371 874 7110,sstdm@bbb.org
492,Karyl Soper,2023-11-17,Peru,1991-05-22,+51 439 928 6639,ksoperdn@soup.io
493,Mikey Peakman,2024-04-19,Tanzania,1941-09-27,+255 886 188 8343,mpeakmando@posterous.com
494,Sherry Martyns,2024-08-02,China,1988-07-24,+86 693 286 3655,smartynsdp@qq.com
495,Asia McKerton,2023-08-17,Japan,1936-01-24,+81 971 128 2638,amckertondq@nhs.uk
496,Nolie Maffini,2024-03-22,Philippines,2002-02-16,+63 139 977 1552,nmaffinidr@nifty.com
497,Karoly Sharratt,2024-06-29,Portugal,1995-04-03,+351 472 880 0094,ksharrattds@cmu.edu
498,Adriane Jolly,2023-11-11,United States,1954-03-30,+1 302 574 1812,ajollydt@squidoo.com
499,Kendell McWhannel,2024-01-27,Sweden,1941-02-12,+46 596 364 0236,kmcwhanneldu@acquirethisname.com
500,Mae Ebbage,2024-01-28,United States,1966-02-14,+1 307 910 8726,mebbagedv@globo.com
501,Martyn Elsmor,2023-12-10,French Southern Territories,1958-09-10,+262 386 684 8914,melsmordw@washingtonpost.com
502,Kimberli Lombard,2023-12-19,Indonesia,1968-04-12,+62 353 969 9107,klombarddx@youtube.com
503,Jake Bembrick,2024-05-11,China,1976-06-16,+86 159 692 1673,jbembrickdy@intel.com
504,Hymie Wightman,2024-05-17,Brazil,1957-06-04,+55 596 548 8683,hwightmandz@histats.com
505,Austin Schubert,2024-06-21,Portugal,1963-02-12,+351 830 779 5843,aschuberte0@mozilla.org
506,Marlena Wibberley,2024-02-11,El Salvador,1981-03-19,+503 418 486 1890,mwibberleye1@skype.com
507,Reinold Masser,2023-09-25,Indonesia,1980-04-04,+62 553 233 1348,rmassere2@twitpic.com
508,Hollis Luipold,2024-07-07,Russia,1973-01-15,+7 251 348 1826,hluipolde3@miitbeian.gov.cn
509,Marcia Eardley,2023-09-29,Vietnam,1942-05-25,+84 138 977 3363,meardleye4@qq.com
510,Rora Gabbett,2024-06-16,Colombia,1946-07-15,+57 981 747 2759,rgabbette5@cnet.com
511,Dwain McOmish,2023-11-18,Ukraine,1977-03-27,+380 887 745 5958,dmcomishe6@harvard.edu
512,Jeanelle Daskiewicz,2023-10-27,Thailand,1998-03-17,+66 624 290 3446,jdaskiewicze7@newyorker.com
513,Dannye De Rechter,2024-01-30,Armenia,1958-07-18,+374 970 592 0336,ddee8@godaddy.com
514,Kevan Fitchew,2024-05-25,Indonesia,1965-05-10,+62 437 697 6746,kfitchewe9@craigslist.org
515,Catharine Rickardes,2024-08-06,France,1980-10-26,+33 169 883 9205,crickardesea@addtoany.com
516,Victoir Burwell,2023-09-04,Kazakhstan,1969-06-01,+7 898 809 8148,vburwelleb@japanpost.jp
517,Beilul Flegg,2023-10-27,Myanmar,1992-10-28,+95 472 513 9600,bfleggec@zimbio.com
518,Joane Castana,2023-10-23,Brazil,1981-08-06,+55 398 876 9786,jcastanaed@epa.gov
519,Marlowe Ellesworthe,2024-01-22,Peru,1974-11-17,+51 890 663 2881,melleswortheee@acquirethisname.com
520,Shannon Donaghie,2024-03-09,Philippines,1968-07-01,+63 920 740 5032,sdonaghieef@eepurl.com
521,Sula Ciccerale,2024-06-09,Russia,1953-02-19,+7 723 321 3535,scicceraleeg@dagondesign.com
522,Blake Clemencon,2023-09-14,Thailand,1955-05-05,+66 105 863 3146,bclemenconeh@studiopress.com
523,Bobbee Tiron,2023-12-23,Sweden,1942-11-24,+46 842 553 1461,btironei@cargocollective.com
524,Vincenty Stepney,2024-07-23,Russia,2001-12-11,+7 760 620 5335,vstepneyej@trellian.com
525,Cart Elven,2024-07-26,Indonesia,1981-10-16,+62 361 226 4600,celvenek@cargocollective.com
526,Lanie Rosenfarb,2024-01-23,Indonesia,1940-08-05,+62 669 189 5665,lrosenfarbel@gravatar.com
527,Jerald Leschelle,2024-03-31,China,1963-05-17,+86 119 851 1280,jleschelleem@cbslocal.com
528,Delmar Conyers,2023-09-14,Sierra Leone,1984-12-30,+232 168 589 6270,dconyersen@dailymotion.com
529,Collen Humbey,2024-08-07,Germany,1947-09-28,+49 282 117 5207,chumbeyeo@apple.com
530,Fletch Waistall,2023-10-09,Indonesia,1963-07-28,+62 751 697 0696,fwaistallep@seesaa.net
531,Kat Sandeson,2023-11-13,Sweden,2001-09-01,+46 365 577 4248,ksandesoneq@360.cn
532,Boonie Laughton,2024-03-21,Vietnam,2005-06-05,+84 373 841 7742,blaughtoner@artisteer.com
533,Wendi Giacomi,2023-11-28,Bosnia and Herzegovina,1941-09-20,+387 512 931 7079,wgiacomies@ed.gov
534,Tarah Bolam,2024-06-07,Colombia,1944-02-22,+57 325 437 9465,tbolamet@delicious.com
535,Jany Latus,2024-05-06,Canada,1999-06-08,+1 248 744 8888,jlatuseu@domainmarket.com
536,Antonella Dodamead,2023-09-05,France,1989-02-24,+33 689 997 6649,adodameadev@fastcompany.com
537,Theodora Ottey,2024-03-02,Philippines,1947-06-03,+63 274 101 5906,totteyew@joomla.org
538,Marti Swadlin,2024-06-14,Uganda,1937-07-12,+256 627 559 2402,mswadlinex@discuz.net
539,Kristel Bignold,2024-02-15,Hungary,1950-12-19,+36 133 806 0242,kbignoldey@tamu.edu
540,Gregoor Huish,2023-10-09,China,1957-01-14,+86 598 188 9156,ghuishez@a8.net
541,Allyson De Giorgi,2023-08-16,Kosovo,1980-03-28,+383 575 690 4009,adef0@un.org
542,Kattie McMechan,2024-02-22,Indonesia,1959-11-21,+62 222 868 3869,kmcmechanf1@mlb.com
543,Budd Pinchon,2024-03-15,North Korea,1930-10-27,+850 597 389 6749,bpinchonf2@webeden.co.uk
544,Clevey Mozzini,2024-05-23,Japan,1982-02-03,+81 447 699 6699,cmozzinif3@accuweather.com
545,Griffie MacAskie,2024-01-12,South Africa,1966-06-06,+27 204 506 1217,gmacaskief4@gov.uk
546,Afton Abyss,2023-11-16,Portugal,1994-04-14,+351 552 899 9406,aabyssf5@seattletimes.com
547,Shell Hellin,2024-07-27,Kazakhstan,1939-06-17,+7 332 429 9515,shellinf6@cpanel.net
548,Alverta Lavelle,2023-08-26,Greece,1969-05-03,+30 156 181 5774,alavellef7@state.gov
549,Matthew Jeacop,2023-08-25,Indonesia,1942-07-31,+62 884 664 2414,mjeacopf8@techcrunch.com
550,Shannah Dene,2024-03-04,Thailand,1951-11-13,+66 274 263 6348,sdenef9@etsy.com
551,Louisette Hannah,2023-09-02,Sierra Leone,1984-11-24,+232 987 621 2665,lhannahfa@vinaora.com
552,Marcellina Hurrell,2024-04-09,Cuba,1997-09-14,+53 563 782 1203,mhurrellfb@sina.com.cn
553,Gearalt Nesbit,2024-07-03,Philippines,2002-01-17,+63 634 815 9737,gnesbitfc@ning.com
554,Cynthy Shipway,2024-07-10,Russia,1991-08-19,+7 352 318 7738,cshipwayfd@over-blog.com
555,Petrina Bushen,2024-06-23,Brazil,1964-05-05,+55 518 213 7312,pbushenfe@cornell.edu
556,Free Gifford,2023-12-02,Slovenia,1988-01-01,+386 339 583 6151,fgiffordff@creativecommons.org
557,Nikolaos Roberson,2024-07-24,Brazil,1930-09-03,+55 171 720 2247,nrobersonfg@globo.com
558,Penni Serjeant,2024-07-29,China,1954-01-05,+86 684 368 8589,pserjeantfh@edublogs.org
559,Kev O'Flannery,2023-12-18,Kenya,2004-08-24,+254 652 171 9027,koflanneryfi@eepurl.com
560,Carma Gercke,2024-07-20,Nepal,1970-01-28,+977 161 707 9465,cgerckefj@nhs.uk
561,Jimmie Favill,2024-04-14,Sweden,1980-05-26,+46 340 644 9574,jfavillfk@123-reg.co.uk
562,Diann Culmer,2024-06-18,Colombia,1956-10-20,+57 604 395 7351,dculmerfl@addtoany.com
563,Alexine Werndley,2024-04-20,China,1957-06-27,+86 865 509 0421,awerndleyfm@opensource.org
564,Nessa Isgar,2024-03-29,Guam,1961-12-19,+1 565 917 8342,nisgarfn@trellian.com
565,Jeane Derks,2024-08-13,Philippines,1944-04-15,+63 897 314 9295,jderksfo@youku.com
566,Marissa Paulton,2024-01-10,Comoros,1968-06-30,+269 425 714 4430,mpaultonfp@state.tx.us
567,Carlota Poleykett,2024-07-18,United States,1978-07-17,+1 916 896 0506,cpoleykettfq@google.es
568,Ernesto Rotherforth,2023-10-18,China,1998-01-13,+86 516 785 9524,erotherforthfr@cnn.com
569,Cherrita Eddicott,2023-10-08,Indonesia,2000-07-13,+62 383 821 5202,ceddicottfs@usnews.com
570,Kaine Reiners,2023-08-25,Russia,1960-12-09,+7 186 680 9475,kreinersft@wikia.com
571,Hermine Volet,2023-10-04,China,1931-04-11,+86 298 308 7839,hvoletfu@foxnews.com
572,Wanda Chastanet,2024-05-20,China,1998-11-27,+86 944 241 2100,wchastanetfv@loc.gov
573,Zaria Obert,2024-04-29,China,1968-09-13,+86 104 484 5247,zobertfw@spotify.com
574,Ashley Orr,2024-06-20,Argentina,2001-09-25,+54 164 639 5312,aorrfx@cbslocal.com
575,Elysia Nossent,2024-03-09,Nicaragua,2005-05-22,+505 795 882 7923,enossentfy@netvibes.com
576,Helenka Simonin,2024-01-14,Benin,1937-11-03,+229 475 164 3051,hsimoninfz@ebay.co.uk
577,Joli Hutley,2023-11-21,Russia,1962-10-15,+7 729 871 0671,jhutleyg0@desdev.cn
578,Maura Brough,2024-04-01,Japan,1942-03-08,+81 760 821 6458,mbroughg1@archive.org
579,Blancha Simonds,2023-08-24,Indonesia,1999-06-13,+62 193 326 3645,bsimondsg2@senate.gov
580,Maureene Yegorev,2024-04-08,United States,1951-03-11,+1 561 533 0994,myegorevg3@indiegogo.com
581,Linnie Rothert,2023-12-16,Guatemala,1962-03-18,+502 274 384 8024,lrothertg4@com.com
582,Leonid Fosdike,2023-08-16,France,1991-05-20,+33 352 660 2753,lfosdikeg5@dmoz.org
583,Francklin Pingstone,2024-06-12,Saint Kitts and Nevis,1976-06-03,+1 376 138 4617,fpingstoneg6@narod.ru
584,Orsa Hartman,2024-01-17,Finland,2005-10-09,+358 232 888 2798,ohartmang7@amazonaws.com
585,Leola Clewarth,2023-12-05,Indonesia,1985-08-18,+62 138 815 2575,lclewarthg8@privacy.gov.au
586,Nickey Stride,2023-09-23,Russia,1993-09-16,+7 742 301 9434,nstrideg9@angelfire.com
587,Claiborn Maddock,2023-08-26,France,1953-07-20,+33 679 412 3851,cmaddockga@squarespace.com
588,Janifer Tattersfield,2023-12-11,El Salvador,1959-01-02,+503 388 203 1621,jtattersfieldgb@imgur.com
589,Moira Swin,2024-06-21,Zambia,1952-03-15,+260 393 479 0836,mswingc@qq.com
590,Edie Cutbirth,2024-07-22,China,1982-10-13,+86 218 377 6636,ecutbirthgd@ihg.com
591,Emelyne Tarbath,2024-07-05,Indonesia,1992-10-29,+62 320 331 6914,etarbathge@blogspot.com
592,Portie Roebottom,2024-01-18,Indonesia,1940-08-17,+62 850 835 5594,proebottomgf@latimes.com
593,Jonis Gibbon,2023-11-21,Macedonia,1958-04-02,+389 989 717 5438,jgibbongg@slate.com
594,Luther Manterfield,2024-05-26,United Kingdom,1995-05-28,+44 715 342 5902,lmanterfieldgh@comcast.net
595,Emilia Khrishtafovich,2023-10-16,China,1987-06-13,+86 766 679 8393,ekhrishtafovichgi@constantcontact.com
596,Zahara Otterwell,2024-07-02,China,1968-06-16,+86 716 997 6178,zotterwellgj@altervista.org
597,Gilligan Beauchop,2023-10-05,China,1938-07-16,+86 511 467 4871,gbeauchopgk@wikipedia.org
598,Chet Veschi,2023-12-04,China,2003-02-16,+86 113 408 1541,cveschigl@deviantart.com
599,Willem MacGaughey,2023-12-19,Macedonia,1993-10-20,+389 873 851 9108,wmacgaugheygm@go.com
600,Esmaria Aishford,2023-10-15,Russia,1971-04-28,+7 917 751 2270,eaishfordgn@java.com
601,Kelley Wadwell,2024-02-05,Germany,1989-05-02,+49 904 804 2761,kwadwellgo@exblog.jp
602,Agathe Carlsen,2023-11-04,France,1974-10-18,+33 413 799 9877,acarlsengp@ucla.edu
603,Cull Kennedy,2024-07-24,Canada,1986-11-07,+1 799 106 1286,ckennedygq@alibaba.com
604,Hanni Bernardelli,2024-06-26,Nigeria,1935-02-15,+234 664 397 9191,hbernardelligr@surveymonkey.com
605,Ilsa MacAiline,2023-09-10,China,1998-11-13,+86 685 903 8201,imacailinegs@wiley.com
606,Ginevra Roberto,2024-04-22,Armenia,2005-06-01,+374 650 138 3464,grobertogt@histats.com
607,Blanca Lillo,2023-08-30,China,1991-02-22,+86 878 159 0226,blillogu@exblog.jp
608,Eadie Lampens,2023-11-25,Russia,1957-02-23,+7 586 457 3366,elampensgv@google.ru
609,Lindie Lorman,2024-04-26,Canada,1969-10-19,+1 397 627 2531,llormangw@google.it
610,Philipa Engelbrecht,2023-09-02,Norway,1957-01-28,+47 268 363 4090,pengelbrechtgx@comsenz.com
611,Dareen Chinnock,2024-08-09,Cuba,1966-11-09,+53 237 291 2416,dchinnockgy@cnn.com
612,Suzie Trevance,2024-06-14,Finland,1946-02-10,+358 715 481 2763,strevancegz@yelp.com
613,Sigvard Greatrex,2023-12-06,Ukraine,1947-01-08,+380 715 413 9211,sgreatrexh0@google.pl
614,Dee Ygou,2024-07-22,China,1947-10-26,+86 657 520 6339,dygouh1@go.com
615,Lambert Wittrington,2024-06-18,Afghanistan,1969-06-25,+93 577 303 3287,lwittringtonh2@booking.com
616,Gerik Pirie,2023-12-20,Poland,1938-05-05,+48 311 451 8172,gpirieh3@latimes.com
617,Rhea Beaufoy,2024-07-21,Indonesia,1941-09-19,+62 465 569 6329,rbeaufoyh4@goodreads.com
618,Mindy Sims,2024-03-23,China,1992-07-11,+86 190 927 0901,msimsh5@dropbox.com
619,Alick Tiplady,2024-07-14,Cuba,1973-12-16,+53 107 755 9998,atipladyh6@bluehost.com
620,Kiley Mabbitt,2024-05-29,Morocco,1972-12-20,+212 829 125 8781,kmabbitth7@e-recht24.de
621,Hinda Hallet,2023-11-06,Indonesia,1988-07-31,+62 946 341 5172,hhalleth8@vinaora.com
622,Katrine Hardes,2024-07-02,China,1986-10-21,+86 247 577 8016,khardesh9@whitehouse.gov
623,Lammond Mallard,2024-07-11,Portugal,1947-11-18,+351 470 115 3407,lmallardha@harvard.edu
624,Mead Chark,2024-03-11,Brazil,1958-11-28,+55 301 582 0008,mcharkhb@de.vu
625,Filberto Tuplin,2024-06-27,Syria,1937-01-25,+963 758 615 9291,ftuplinhc@ycombinator.com
626,Martynne Franzman,2024-08-01,France,1944-11-30,+33 203 467 5228,mfranzmanhd@jiathis.com
627,Cesar Guillart,2023-10-20,Indonesia,2000-01-01,+62 537 335 8214,cguillarthe@geocities.com
628,Luke Caseley,2024-07-25,Uzbekistan,1940-08-15,+998 247 576 0354,lcaseleyhf@shop-pro.jp
629,Mark Toye,2024-07-26,Poland,2005-04-27,+48 118 147 0746,mtoyehg@gizmodo.com
630,Robin Coolican,2024-05-19,China,2002-08-04,+86 668 494 9269,rcoolicanhh@discovery.com
631,Pincas Silverstone,2023-08-19,United States,1970-06-23,+1 319 251 5589,psilverstonehi@arizona.edu
632,Fletch Karolowski,2024-01-13,China,2000-02-19,+86 138 357 3284,fkarolowskihj@dell.com
633,Angelico MacConnulty,2023-12-20,China,1942-04-19,+86 670 206 0156,amacconnultyhk@ebay.com
634,Hamnet Hanford,2024-04-24,Ukraine,1942-01-23,+380 645 676 7885,hhanfordhl@howstuffworks.com
635,Oliy Swadden,2023-11-30,Philippines,1930-12-15,+63 108 389 3669,oswaddenhm@cpanel.net
636,Gerald Crate,2023-10-21,New Caledonia,1932-05-06,+687 568 751 9869,gcratehn@hhs.gov
637,Barclay Allsobrook,2023-10-01,United States,1986-07-19,+1 901 296 8513,ballsobrookho@nbcnews.com
638,Britni Cato,2024-04-06,Thailand,1979-11-23,+66 570 495 3728,bcatohp@ucsd.edu
639,Olenka Noteyoung,2023-10-01,Indonesia,1978-01-29,+62 551 965 1039,onoteyounghq@weebly.com
640,Nolie Ogley,2024-02-21,Japan,1970-01-09,+81 538 762 8136,nogleyhr@npr.org
641,Lenette Dallman,2023-08-18,Bulgaria,1980-01-03,+359 898 817 5005,ldallmanhs@tumblr.com
642,Bobby Lortzing,2023-12-26,Sweden,1952-11-10,+46 668 407 4592,blortzinght@qq.com
643,Dionis MacConchie,2023-08-28,China,1989-09-06,+86 601 336 6339,dmacconchiehu@businesswire.com
644,Hamlin Malthouse,2023-11-13,Poland,1937-05-17,+48 127 866 9455,hmalthousehv@eepurl.com
645,Arv Gilpin,2024-05-24,Tunisia,1989-05-06,+216 544 778 7777,agilpinhw@wired.com
646,Stepha Godon,2023-11-26,Venezuela,2002-08-08,+58 737 698 2015,sgodonhx@merriam-webster.com
647,Heath Roussel,2024-04-18,Norway,1983-07-17,+47 978 218 0494,hrousselhy@bloomberg.com
648,Kaile Grennan,2023-09-27,Albania,1953-01-25,+355 436 425 9577,kgrennanhz@51.la
649,Laryssa Burchatt,2024-02-22,Brazil,1970-10-24,+55 837 942 3187,lburchatti0@ameblo.jp
650,Zebulen Kleynen,2024-04-23,Poland,1992-07-06,+48 812 219 3943,zkleyneni1@shinystat.com
651,Aylmar Abeles,2024-03-18,Czech Republic,1974-03-08,+420 508 275 2573,aabelesi2@patch.com
652,Cash Gawkes,2024-06-12,Greece,1986-04-01,+30 561 933 5361,cgawkesi3@google.co.uk
653,Buck Tresler,2023-09-10,France,1964-06-13,+33 647 871 5548,btresleri4@yahoo.co.jp
654,Billy Schulke,2024-01-05,Argentina,1993-03-15,+54 959 874 1045,bschulkei5@elegantthemes.com
655,Simonne Vasiljevic,2023-10-14,Tunisia,1976-05-31,+216 195 110 4301,svasiljevici6@umn.edu
656,Hussein Menego,2024-02-06,China,1932-10-05,+86 168 870 1956,hmenegoi7@odnoklassniki.ru
657,Gabi Woodward,2023-10-18,Greece,1949-09-21,+30 399 345 7086,gwoodwardi8@g.co
658,Harold Alvy,2024-06-22,Japan,1936-01-01,+81 647 983 9538,halvyi9@ovh.net
659,Mickie Pirolini,2024-06-17,Colombia,1933-02-22,+57 774 941 3801,mpiroliniia@patch.com
660,Fons Graves,2023-08-30,Egypt,1933-01-08,+20 612 311 0708,fgravesib@salon.com
661,Bunni Placido,2024-01-09,Indonesia,1990-03-08,+62 193 902 5758,bplacidoic@taobao.com
662,Bethena Jouhan,2023-12-22,Poland,1967-07-08,+48 664 453 3197,bjouhanid@etsy.com
663,Guglielmo Fitkin,2023-12-17,Portugal,1959-03-31,+351 686 792 3229,gfitkinie@msn.com
664,Emera Gettens,2024-07-10,Indonesia,1933-05-17,+62 210 224 2822,egettensif@unicef.org
665,Pet Dancer,2024-06-19,Mongolia,1954-03-09,+976 521 685 5566,pdancerig@washington.edu
666,Katerine Demcik,2023-11-01,China,1933-11-01,+86 659 993 7255,kdemcikih@twitpic.com
667,Ethelred Woodburn,2023-11-09,Sweden,1960-11-21,+46 349 793 5984,ewoodburnii@simplemachines.org
668,Cassius Rohmer,2023-11-18,Indonesia,1946-08-10,+62 441 296 3227,crohmerij@t-online.de
669,Vyky Oliveras,2023-08-24,Palestinian Territory,1975-12-21,+970 718 573 8550,voliverasik@cbc.ca
670,Coriss Delatour,2023-08-20,Philippines,1987-01-14,+63 760 612 5730,cdelatouril@vimeo.com
671,Ettore Tittletross,2024-08-07,Sudan,1936-06-11,+249 363 961 4354,etittletrossim@about.me
672,Romola Huckel,2023-11-19,China,2002-07-14,+86 546 568 1581,rhuckelin@smugmug.com
673,Lisle Fieldsend,2024-04-18,Sweden,1985-01-06,+46 708 448 4830,lfieldsendio@scribd.com
674,Michale McCullagh,2024-07-22,Sweden,1950-06-21,+46 505 970 8472,mmccullaghip@bbc.co.uk
675,Tanhya Stoacley,2024-02-04,Ecuador,1980-11-13,+593 152 779 3248,tstoacleyiq@phpbb.com
676,Phillie Mordey,2023-11-22,Lithuania,1937-04-22,+370 685 364 8467,pmordeyir@mail.ru
677,Connor Mahaffey,2024-02-08,China,1957-11-16,+86 627 265 8612,cmahaffeyis@sciencedirect.com
678,Karita MacCaghan,2023-08-22,France,1946-03-18,+33 788 322 1417,kmaccaghanit@phpbb.com
679,Rosaline Gilstin,2023-12-27,South Africa,1940-04-23,+27 554 651 4260,rgilstiniu@studiopress.com
680,Holli McGrane,2024-07-24,Sweden,1953-10-18,+46 232 510 6333,hmcgraneiv@businesswire.com
681,Ollie Torrent,2024-02-10,Indonesia,1985-12-15,+62 441 283 2744,otorrentiw@hugedomains.com
682,Gianina Oxenbury,2024-04-07,Netherlands,1935-12-15,+31 362 505 6043,goxenburyix@businesswire.com
683,Guglielma Albro,2024-06-10,China,2005-02-14,+86 393 620 4372,galbroiy@blinklist.com
684,Sari McTeague,2023-08-17,Indonesia,1980-07-27,+62 883 178 6587,smcteagueiz@jugem.jp
685,Francklyn Bamell,2024-05-26,China,1934-10-24,+86 681 968 0521,fbamellj0@w3.org
686,Stanfield Lyndon,2024-06-22,Greece,1955-06-27,+30 247 580 9925,slyndonj1@reverbnation.com
687,Nixie Anfonsi,2024-06-04,Indonesia,1945-09-30,+62 754 777 7854,nanfonsij2@phoca.cz
688,Kerianne Costerd,2024-07-20,Philippines,1970-07-06,+63 382 818 4153,kcosterdj3@paginegialle.it
689,Rhona Troni,2023-12-01,France,1989-02-07,+33 565 939 1017,rtronij4@seesaa.net
690,Janka Vedntyev,2024-05-30,China,1967-11-17,+86 138 396 2134,jvedntyevj5@marketwatch.com
691,Lani De-Ville,2024-04-25,Bulgaria,1989-08-10,+359 726 695 4095,ldevillej6@washington.edu
692,Jody Betteney,2024-06-06,France,1989-07-03,+33 515 678 8925,jbetteneyj7@ehow.com
693,Petunia Falkinder,2024-03-13,Portugal,1988-05-09,+351 530 319 4241,pfalkinderj8@theatlantic.com
694,Vickie Allibone,2024-02-15,Colombia,2004-03-18,+57 779 173 3292,vallibonej9@eepurl.com
695,Torey Dawson,2023-10-15,Peru,1971-04-06,+51 435 964 3731,tdawsonja@engadget.com
696,Fanya Cazereau,2024-02-02,Brazil,1982-03-31,+55 742 251 2520,fcazereaujb@friendfeed.com
697,Cameron Sedgman,2024-04-29,China,1960-04-13,+86 965 701 1477,csedgmanjc@cdc.gov
698,Perren Adamsson,2024-08-09,Indonesia,1967-11-26,+62 579 654 9512,padamssonjd@prnewswire.com
699,Trixie Crosetti,2023-10-01,Canada,1943-10-12,+1 219 615 2781,tcrosettije@toplist.cz
700,Sarajane Powton,2024-03-11,Sweden,1937-05-22,+46 968 660 4963,spowtonjf@marketwatch.com
701,Cirillo Murtimer,2024-04-28,China,1988-12-12,+86 774 248 2599,cmurtimerjg@slate.com
702,Jaime Shotboult,2024-06-20,Peru,1938-07-27,+51 635 344 0608,jshotboultjh@oakley.com
703,Steven Soares,2024-07-09,Azerbaijan,1942-03-02,+994 239 770 8060,ssoaresji@yandex.ru
704,Adeline Donnan,2024-06-01,China,1952-12-06,+86 518 127 6311,adonnanjj@wikia.com
705,Wiatt Cowx,2024-01-27,Russia,1960-04-25,+7 251 787 2096,wcowxjk@google.ru
706,Francesca Peachment,2024-06-13,France,1940-05-06,+33 249 655 3448,fpeachmentjl@posterous.com
707,Rusty Cheer,2024-05-07,Slovenia,1998-07-01,+386 206 771 7711,rcheerjm@jiathis.com
708,Vilma Alenikov,2023-10-10,Brazil,2003-04-08,+55 307 690 7510,valenikovjn@globo.com
709,Curtis Haldin,2024-02-03,China,1966-06-30,+86 195 156 6005,chaldinjo@phoca.cz
710,Drew McCuthais,2024-03-24,China,1986-07-30,+86 483 848 9260,dmccuthaisjp@4shared.com
711,Horace Bainbrigge,2024-07-01,Colombia,1983-09-08,+57 570 134 7466,hbainbriggejq@booking.com
712,Kilian Tranmer,2023-11-25,Mexico,1948-11-29,+52 612 831 2100,ktranmerjr@naver.com
713,Fremont Tremblay,2024-05-11,Ireland,1942-05-19,+353 376 243 5301,ftremblayjs@dyndns.org
714,Rafferty Marsden,2023-10-12,Estonia,1973-01-12,+372 437 369 7904,rmarsdenjt@technorati.com
715,Percival Ors,2024-04-26,China,1998-09-10,+86 178 419 8322,porsju@dedecms.com
716,Farly Tomblings,2024-05-21,Portugal,1982-10-02,+351 239 485 6547,ftomblingsjv@berkeley.edu
717,Nolana Pynn,2024-06-30,Russia,1996-07-18,+7 287 481 8947,npynnjw@google.com.hk
718,Gasparo Phettis,2023-10-13,Ukraine,1975-07-02,+380 907 668 6000,gphettisjx@google.co.jp
719,Courtney Tann,2024-03-14,Russia,1985-02-07,+7 377 852 9986,ctannjy@ocn.ne.jp
720,Lilia Gai,2024-04-28,China,1992-06-16,+86 109 889 3662,lgaijz@4shared.com
721,Fanechka Slogrove,2024-06-10,Indonesia,1954-11-13,+62 850 898 3997,fslogrovek0@theglobeandmail.com
722,Herve Sidaway,2023-09-19,China,1944-05-10,+86 599 473 3604,hsidawayk1@fastcompany.com
723,Walther Hackly,2024-07-13,United States,1976-07-27,+1 612 501 0793,whacklyk2@g.co
724,Caryn Aseef,2024-02-07,Poland,2002-07-17,+48 260 847 1027,caseefk3@sfgate.com
725,Tab Dand,2023-09-06,Russia,1995-11-25,+7 837 891 3140,tdandk4@homestead.com
726,Mureil Eglese,2023-10-22,Sweden,1975-10-16,+46 804 398 6868,meglesek5@tmall.com
727,Steve Dabling,2024-02-07,Portugal,1986-04-06,+351 697 282 9231,sdablingk6@over-blog.com
728,Hadrian Dowrey,2024-06-07,Indonesia,1963-03-19,+62 463 329 3392,hdowreyk7@yale.edu
729,Cookie Forten,2024-05-14,Portugal,1962-07-20,+351 668 619 2727,cfortenk8@jigsy.com
730,West Sealand,2024-07-14,Brazil,1951-06-23,+55 868 271 2674,wsealandk9@irs.gov
731,Dolorita Antrum,2024-03-13,Argentina,1975-03-07,+54 480 303 9648,dantrumka@paginegialle.it
732,Benedicta Darrach,2024-06-19,China,1958-12-06,+86 505 281 7119,bdarrachkb@amazon.co.jp
733,Deni Files,2024-03-23,Sweden,1986-06-12,+46 388 975 0549,dfileskc@jiathis.com
734,Ives Flye,2024-07-25,Myanmar,1986-03-20,+95 909 141 4289,iflyekd@reference.com
735,Annetta Claibourn,2024-05-13,Russia,1987-07-28,+7 128 634 5337,aclaibournke@marketwatch.com
736,Fidela Beddis,2024-01-26,Indonesia,2004-04-10,+62 726 148 8335,fbeddiskf@wikipedia.org
737,Happy Chittie,2023-09-22,Colombia,1981-01-26,+57 264 931 9667,hchittiekg@ed.gov
738,Rica Eicke,2023-08-26,Egypt,1945-11-08,+20 976 606 7537,reickekh@smh.com.au
739,Birk Brunotti,2024-03-22,Venezuela,1967-03-16,+58 362 262 9419,bbrunottiki@unblog.fr
740,Valentine Beville,2023-11-15,China,1956-05-05,+86 646 150 9423,vbevillekj@amazon.com
741,Bobette Beech,2023-12-13,China,1969-01-29,+86 365 609 2022,bbeechkk@craigslist.org
742,Kirbie Spens,2024-05-16,China,1996-02-26,+86 551 969 8298,kspenskl@harvard.edu
743,Daveta Everit,2024-05-15,Brazil,1931-05-11,+55 403 971 6791,deveritkm@economist.com
744,Willie Maccrea,2024-06-06,China,1939-11-17,+86 109 961 4956,wmaccreakn@wiley.com
745,Rochelle Otter,2024-05-02,Zimbabwe,2005-08-04,+263 682 360 1910,rotterko@umich.edu
746,Bernice De Domenici,2023-10-27,Kosovo,1950-01-13,+383 720 617 1635,bdekp@desdev.cn
747,Eulalie Jiranek,2024-04-21,Sweden,2005-09-13,+46 276 574 6618,ejiranekkq@123-reg.co.uk
748,Maddy Furley,2023-09-25,China,1979-09-12,+86 227 592 1256,mfurleykr@timesonline.co.uk
749,Cathyleen Lindelof,2024-05-22,China,1943-07-28,+86 942 858 0097,clindelofks@wordpress.com
750,Elie Knewstubb,2024-07-26,Malaysia,1994-07-22,+60 125 988 1377,eknewstubbkt@theglobeandmail.com
751,Octavia Yushin,2024-01-21,China,1953-04-15,+86 986 359 2495,oyushinku@blogs.com
752,Hughie Eustanch,2024-07-11,Canada,1954-10-24,+1 685 563 3587,heustanchkv@feedburner.com
753,Lanette Pearlman,2024-06-11,Nigeria,1935-07-30,+234 595 564 2604,lpearlmankw@forbes.com
754,Humberto Birk,2023-08-27,Belarus,1996-07-10,+375 188 558 7009,hbirkkx@hostgator.com
755,Vincents Doggerell,2024-08-04,Russia,1958-11-04,+7 299 813 3272,vdoggerellky@tiny.cc
756,Rosalia Francisco,2024-05-01,Philippines,1997-03-25,+63 412 580 3663,rfranciscokz@berkeley.edu
757,Kelsey Kobsch,2024-04-27,Indonesia,2003-02-16,+62 451 544 7977,kkobschl0@typepad.com
758,Malinde Goodsall,2024-08-13,Argentina,1990-09-10,+54 439 415 9549,mgoodsalll1@qq.com
759,Rita Pembridge,2024-01-19,Russia,1985-07-03,+7 816 720 7872,rpembridgel2@blogspot.com
760,Basil Kemitt,2024-02-28,China,1964-10-23,+86 747 596 8856,bkemittl3@cisco.com
761,Rabi Culligan,2024-01-22,Norway,1934-09-10,+47 494 536 2481,rculliganl4@diigo.com
762,Dov Jaffrey,2023-10-17,Pakistan,1948-02-08,+92 866 947 1242,djaffreyl5@state.gov
763,Janean Kingswold,2023-10-31,Indonesia,1974-08-30,+62 297 627 9881,jkingswoldl6@booking.com
764,Dacey Bliss,2024-02-27,China,1962-07-02,+86 715 652 5336,dblissl7@wisc.edu
765,Seline Ollerenshaw,2024-03-30,Niger,1952-08-27,+227 211 581 7730,sollerenshawl8@usnews.com
766,Elli Schriren,2023-10-31,Czech Republic,1932-05-23,+420 732 168 0368,eschrirenl9@va.gov
767,Clemens Sextone,2024-04-14,Portugal,1977-03-25,+351 478 325 0792,csextonela@engadget.com
768,Sumner Szymanowicz,2024-01-15,China,1995-06-18,+86 931 959 2936,sszymanowiczlb@yale.edu
769,Anna-maria Kerrane,2023-11-07,Philippines,1979-02-22,+63 188 143 9278,akerranelc@webnode.com
770,Robert Warton,2024-01-27,Indonesia,1971-01-22,+62 215 954 9539,rwartonld@nytimes.com
771,Brittan Tedman,2024-03-24,Sweden,1974-11-11,+46 647 186 5633,btedmanle@house.gov
772,Sky Ogg,2024-07-18,China,1974-08-19,+86 455 474 2512,sogglf@qq.com
773,Silvan Enbury,2024-05-12,Thailand,1959-11-25,+66 802 951 0749,senburylg@youku.com
774,Dahlia Learie,2023-10-18,New Zealand,1967-05-18,+64 660 469 9489,dlearielh@geocities.jp
775,Dewey Danniell,2024-05-16,Russia,1996-06-26,+7 985 805 6728,ddanniellli@bandcamp.com
776,Jany Dodimead,2024-07-11,China,1942-12-29,+86 922 569 4090,jdodimeadlj@kickstarter.com
777,Irving Madgin,2024-02-14,Ghana,2000-07-14,+233 739 247 8399,imadginlk@histats.com
778,Lyndel Garrison,2023-10-11,Croatia,1975-03-31,+385 642 244 0822,lgarrisonll@cpanel.net
779,Granthem Gwilliams,2024-04-04,China,1982-04-26,+86 992 680 9645,ggwilliamslm@nsw.gov.au
780,Ransell Guidetti,2023-11-28,Croatia,1946-06-16,+385 601 453 3181,rguidettiln@g.co
781,Colly Epine,2024-03-05,Poland,2005-08-19,+48 654 885 0652,cepinelo@wisc.edu
782,Darice Coulton,2024-01-28,Ivory Coast,1949-12-25,+225 126 381 9464,dcoultonlp@posterous.com
783,Roi Cuesta,2024-06-27,China,1995-12-22,+86 145 159 1600,rcuestalq@list-manage.com
784,Orin Brankley,2024-03-24,Peru,1965-01-07,+51 462 293 9250,obrankleylr@elpais.com
785,Rebecka O' Concannon,2023-09-04,United States,1956-02-07,+1 336 687 6387,rols@myspace.com
786,Axel Tankard,2024-03-05,Philippines,1987-05-15,+63 731 908 3988,atankardlt@mediafire.com
787,Neall Kornyshev,2023-08-22,China,1981-11-13,+86 446 705 6357,nkornyshevlu@reference.com
788,Christean Lanchester,2024-03-16,Lebanon,1952-05-23,+961 362 326 8640,clanchesterlv@plala.or.jp
789,Con Burborough,2023-11-27,Nicaragua,1941-07-30,+505 525 305 2894,cburboroughlw@topsy.com
790,Bobbi Matzel,2024-02-02,Philippines,1943-11-24,+63 811 188 4024,bmatzellx@technorati.com
791,Cinda Purcell,2024-02-04,Russia,1951-06-24,+7 813 771 6712,cpurcellly@apple.com
792,Denna Espinet,2023-10-15,Czech Republic,1990-09-26,+420 722 590 2683,despinetlz@wikia.com
793,Babb Cuddy,2024-08-01,Russia,1974-12-21,+7 316 307 8663,bcuddym0@businessweek.com
794,Sheilah Houseago,2024-04-04,Japan,2003-12-08,+81 149 494 1305,shouseagom1@cocolog-nifty.com
795,Karina Balchin,2023-12-11,Indonesia,1940-01-05,+62 421 767 0639,kbalchinm2@scribd.com
796,Griswold Gladhill,2023-10-19,Mexico,1999-08-18,+52 532 401 9131,ggladhillm3@netscape.com
797,Fina Sperring,2024-01-29,United States,1977-01-21,+1 785 918 5347,fsperringm4@123-reg.co.uk
798,Dynah Tewnion,2023-11-25,France,1979-03-12,+33 731 520 3482,dtewnionm5@people.com.cn
799,Tami Barnwall,2024-02-08,Indonesia,1968-10-13,+62 271 308 9058,tbarnwallm6@edublogs.org
800,Lucio Sex,2024-03-18,Portugal,1976-08-23,+351 159 839 8416,lsexm7@cbc.ca
801,Berrie Lodovichi,2023-10-23,Indonesia,2004-09-26,+62 412 581 8851,blodovichim8@desdev.cn
802,Catlaina Kidd,2023-10-17,Czech Republic,1968-01-11,+420 560 664 1763,ckiddm9@multiply.com
803,Emily Fussie,2023-09-19,Brazil,1945-12-07,+55 546 627 4548,efussiema@senate.gov
804,Bernete Starmore,2023-11-23,South Africa,1999-03-07,+27 816 218 4415,bstarmoremb@hhs.gov
805,Gerry Ortler,2024-06-02,China,1940-08-15,+86 643 683 3364,gortlermc@webnode.com
806,Ilka Dumphy,2024-04-08,Indonesia,1936-08-16,+62 620 757 7488,idumphymd@imgur.com
807,Yuma Leyton,2024-03-19,Ukraine,1997-07-08,+380 269 664 0825,yleytonme@upenn.edu
808,Wendall Harberer,2024-06-01,Thailand,1953-11-11,+66 383 931 7098,wharberermf@goo.ne.jp
809,Marketa Nash,2024-01-28,Sweden,1931-04-06,+46 580 741 5040,mnashmg@feedburner.com
810,Arlie Rosengren,2023-09-21,Tunisia,1988-03-06,+216 240 830 0639,arosengrenmh@4shared.com
811,Dix Cominoli,2024-08-02,Bulgaria,1950-11-01,+359 464 603 7434,dcominolimi@omniture.com
812,Jami Wake,2024-02-19,China,1964-04-13,+86 645 862 6099,jwakemj@icq.com
813,Merry Calbrathe,2024-05-29,China,1997-01-24,+86 811 989 6299,mcalbrathemk@slideshare.net
814,Moira Coning,2024-04-08,Uzbekistan,1952-01-14,+998 589 377 7585,mconingml@kickstarter.com
815,Maynord Hartless,2024-05-03,Russia,1988-10-29,+7 622 486 1777,mhartlessmm@buzzfeed.com
816,Domeniga Knevit,2024-01-06,China,1934-03-15,+86 223 825 0040,dknevitmn@umich.edu
817,Austen Rasch,2024-04-06,Russia,1968-08-03,+7 603 788 7844,araschmo@51.la
818,Toiboid Zavattero,2024-03-28,China,1988-10-04,+86 829 652 7227,tzavatteromp@google.pl
819,Eolande Zecchetti,2024-06-03,Indonesia,1966-07-07,+62 444 529 6621,ezecchettimq@friendfeed.com
820,Trish Ambrogi,2024-06-18,Iran,1965-09-02,+98 558 302 0029,tambrogimr@youku.com
821,Magdaia Garrick,2023-10-04,Russia,2003-07-25,+7 567 820 1599,mgarrickms@wiley.com
822,Piper Pinchin,2024-07-31,China,1945-06-17,+86 999 189 5439,ppinchinmt@feedburner.com
823,Violette Carnow,2023-12-10,China,1970-12-03,+86 110 310 6842,vcarnowmu@redcross.org
824,Mar Gorham,2023-09-28,Russia,1984-04-26,+7 825 784 7765,mgorhammv@weibo.com
825,Bernie Cund,2023-10-08,Indonesia,1991-10-29,+62 906 857 5492,bcundmw@behance.net
826,Barclay Goodspeed,2023-08-28,Ukraine,1958-11-09,+380 389 821 5160,bgoodspeedmx@house.gov
827,Sherm Few,2023-09-23,Philippines,1993-10-30,+63 944 936 1997,sfewmy@techcrunch.com
828,Goldy Atcock,2024-05-23,France,1948-03-20,+33 496 926 3594,gatcockmz@jimdo.com
829,Elisha Landman,2023-10-28,Russia,1958-04-27,+7 792 149 9784,elandmann0@jimdo.com
830,Welbie Janowicz,2024-06-03,China,1932-12-29,+86 405 160 7999,wjanowiczn1@naver.com
831,Cheri Robeiro,2024-03-30,Brazil,1971-12-18,+55 614 119 9605,crobeiron2@wikispaces.com
832,Davon Code,2024-06-01,Philippines,1981-03-15,+63 969 768 3699,dcoden3@census.gov
833,Lane Reimer,2024-01-20,Portugal,1933-05-10,+351 233 338 6234,lreimern4@ucla.edu
834,Jarrid Bentzen,2024-01-30,Indonesia,1998-01-03,+62 817 979 6766,jbentzenn5@bing.com
835,Klement Choulerton,2024-05-06,China,1981-03-21,+86 872 686 3184,kchoulertonn6@abc.net.au
836,Leeann Goldston,2023-10-20,China,1962-11-05,+86 143 822 9433,lgoldstonn7@home.pl
837,Joby Huebner,2024-05-08,Sudan,1963-02-15,+249 404 598 7860,jhuebnern8@addthis.com
838,Gene Earingey,2024-01-09,Brazil,1991-11-19,+55 277 992 6330,gearingeyn9@altervista.org
839,Ilaire Taillard,2024-07-06,Peru,1956-03-19,+51 386 132 6080,itaillardna@angelfire.com
840,Evelyn Tax,2023-12-31,Bolivia,1936-12-03,+591 504 360 1048,etaxnb@blogs.com
841,Glenn Savell,2024-02-05,Ukraine,1939-01-15,+380 820 319 1281,gsavellnc@reference.com
842,Feliks Smeall,2024-05-03,Chile,1936-02-02,+56 780 210 7253,fsmeallnd@ebay.com
843,Carlota Kingzett,2024-05-25,Russia,2001-09-19,+7 930 425 8595,ckingzettne@blinklist.com
844,Neil Sewards,2023-12-04,Philippines,1969-07-03,+63 288 611 1820,nsewardsnf@netlog.com
845,Rosene Beade,2024-03-19,Mexico,1947-01-20,+52 605 599 9589,rbeadeng@redcross.org
846,Herby Rosendall,2024-02-10,Kenya,1989-05-09,+254 738 113 9290,hrosendallnh@buzzfeed.com
847,Pail Maylor,2023-10-04,Canada,1972-11-06,+1 790 775 4992,pmaylorni@live.com
848,Legra Janousek,2023-10-29,Armenia,1957-06-16,+374 202 601 9973,ljanouseknj@zdnet.com
849,Luca Boards,2024-04-05,Brazil,1937-05-08,+55 604 576 6848,lboardsnk@about.me
850,Iormina Hasling,2024-05-26,Brazil,1972-08-29,+55 626 971 0660,ihaslingnl@cmu.edu
851,Zachary Putley,2024-07-28,Russia,1982-01-13,+7 710 662 0931,zputleynm@issuu.com
852,Eve Duddy,2024-07-12,Bulgaria,1966-04-13,+359 983 426 8953,eduddynn@zdnet.com
853,Ambur Holgan,2024-03-13,Canada,1938-04-15,+1 522 781 8105,aholganno@phoca.cz
854,Lauren Mayhew,2024-04-24,Mexico,1989-05-05,+52 996 609 8594,lmayhewnp@usnews.com
855,Sayers Christal,2023-12-03,Philippines,1933-03-17,+63 891 533 1577,schristalnq@amazonaws.com
856,Teodor Durban,2023-10-23,Indonesia,1991-05-08,+62 557 702 4316,tdurbannr@nbcnews.com
857,Valentine MacDowal,2023-12-31,China,1945-01-09,+86 709 476 3766,vmacdowalns@wp.com
858,Elladine Briant,2024-02-11,Philippines,1935-10-31,+63 530 466 2031,ebriantnt@ifeng.com
859,Cherice Queree,2023-10-22,China,1996-06-23,+86 476 958 0084,cquereenu@bbb.org
860,Lee Blasius,2024-04-20,Portugal,1966-11-18,+351 816 606 3115,lblasiusnv@bigcartel.com
861,Alric Tubridy,2024-07-09,Poland,1991-05-16,+48 468 751 2246,atubridynw@plala.or.jp
862,Olenolin Merrington,2023-11-02,Luxembourg,1961-06-26,+352 463 388 9160,omerringtonnx@bluehost.com
863,Garey Kidsley,2024-05-01,Argentina,1982-03-20,+54 214 971 9063,gkidsleyny@amazon.co.uk
864,Lea Carabine,2024-02-23,Indonesia,1959-11-25,+62 639 249 0323,lcarabinenz@tripadvisor.com
865,Zane Zanitti,2023-10-07,Poland,1956-09-29,+48 876 998 4417,zzanittio0@shareasale.com
866,Nikolaus Carcass,2024-01-18,Indonesia,1989-04-30,+62 679 511 2291,ncarcasso1@w3.org
867,Trenna Tanser,2023-10-30,China,1943-09-12,+86 688 608 6414,ttansero2@oaic.gov.au
868,Mohandas Larsen,2024-01-31,Poland,2002-01-13,+48 407 360 9886,mlarseno3@etsy.com
869,Bentlee Mattheissen,2023-10-07,China,2005-12-24,+86 895 172 8811,bmattheisseno4@narod.ru
870,Whitney Jiran,2023-08-22,Bolivia,1960-12-16,+591 624 575 7381,wjirano5@squidoo.com
871,Hermon Clucas,2023-10-29,Brazil,1934-08-04,+55 109 493 4465,hclucaso6@addthis.com
872,Drew Slark,2024-01-05,Albania,1943-04-27,+355 166 604 5323,dslarko7@g.co
873,Randell Vallow,2024-06-05,United States,1994-12-12,+1 719 869 8382,rvallowo8@privacy.gov.au
874,Kelsy Guilloneau,2024-08-01,Canada,1946-12-07,+1 249 401 0279,kguilloneauo9@hexun.com
875,Brantley Gorton,2023-12-20,Paraguay,1976-03-29,+595 831 405 0221,bgortonoa@squidoo.com
876,Sheelah Iacoviello,2024-05-26,Indonesia,1986-03-30,+62 502 592 7713,siacovielloob@ft.com
877,Richmound O'Doghesty,2023-09-06,Russia,1951-04-18,+7 114 246 9105,rodoghestyoc@usda.gov
878,Patrizia Ellicott,2024-04-12,Uganda,1973-11-12,+256 525 843 5984,pellicottod@clickbank.net
879,Eli Orritt,2024-05-22,Slovenia,1988-12-17,+386 347 970 7634,eorrittoe@sun.com
880,Ginelle Phinn,2024-05-20,Peru,1976-06-17,+51 330 415 5837,gphinnof@ucsd.edu
881,Cordy Northeast,2024-07-16,Thailand,1944-08-10,+66 915 195 4466,cnortheastog@samsung.com
882,Hall Sicha,2023-10-16,Malaysia,1972-12-24,+60 214 538 3505,hsichaoh@devhub.com
883,Iain Bondar,2024-07-09,Haiti,1990-06-26,+509 601 240 8118,ibondaroi@example.com
884,Filbert Goodrich,2024-04-02,Indonesia,1952-11-01,+62 741 129 0713,fgoodrichoj@princeton.edu
885,Bethany Imesson,2023-09-23,Dominican Republic,1990-06-09,+1 581 954 6024,bimessonok@foxnews.com
886,Salaidh Warnock,2024-03-25,United States,1973-08-02,+1 785 206 8981,swarnockol@free.fr
887,Wandie Joska,2023-11-01,Vietnam,1973-07-02,+84 915 785 1182,wjoskaom@soundcloud.com
888,Emilie Waything,2023-09-27,Russia,1978-05-26,+7 137 223 3322,ewaythingon@netlog.com
889,Shina McGucken,2023-12-29,Peru,1932-07-05,+51 185 887 0774,smcguckenoo@kickstarter.com
890,Dorena Oke,2023-11-30,China,1953-09-23,+86 809 767 2968,dokeop@chronoengine.com
891,Kimberli Rentenbeck,2024-08-03,Botswana,1975-10-09,+267 375 604 6148,krentenbeckoq@cdbaby.com
892,Osborne Gallyon,2024-03-03,Portugal,1964-08-26,+351 686 438 4414,ogallyonor@yolasite.com
893,Siobhan Jenken,2024-03-14,China,2006-03-02,+86 146 199 0380,sjenkenos@plala.or.jp
894,Helsa Whitters,2023-12-25,Russia,1966-01-18,+7 763 198 3939,hwhittersot@netlog.com
895,Philip Gallgher,2023-09-19,Indonesia,1963-01-22,+62 552 423 4355,pgallgherou@reverbnation.com
896,Derek Jehu,2024-06-03,South Africa,1949-09-12,+27 655 544 6798,djehuov@people.com.cn
897,Norby Denziloe,2023-08-23,China,1935-07-15,+86 921 240 6499,ndenziloeow@ovh.net
898,Leicester Shuxsmith,2024-01-22,China,1937-02-15,+86 490 755 3995,lshuxsmithox@miibeian.gov.cn
899,Allin Phythean,2024-06-14,Uruguay,1950-08-09,+598 915 340 5259,aphytheanoy@exblog.jp
900,Mufinella Jaycock,2023-09-02,Sudan,1963-03-20,+249 937 632 2678,mjaycockoz@hostgator.com
901,Ciel Tolworth,2024-03-29,Guatemala,1963-04-26,+502 971 242 0702,ctolworthp0@opera.com
902,Mahalia Spain-Gower,2024-07-11,Aruba,1996-04-18,+297 751 410 9964,mspaingowerp1@fc2.com
903,Malory Pagen,2024-06-14,Sierra Leone,1973-09-01,+232 709 104 4114,mpagenp2@storify.com
904,Elyssa Le Moucheux,2024-01-10,Sweden,1958-07-20,+46 352 995 7450,elep3@networkadvertising.org
905,Dennison Fleeming,2023-12-20,Indonesia,1968-04-14,+62 136 440 7526,dfleemingp4@nbcnews.com
906,Magdaia Bradburn,2023-09-08,Poland,1987-05-29,+48 112 598 8010,mbradburnp5@qq.com
907,Yasmin Hartwright,2024-04-03,Peru,1957-01-13,+51 980 447 8210,yhartwrightp6@networkadvertising.org
908,Rod Raimbauld,2023-10-01,China,1934-06-15,+86 441 101 5509,rraimbauldp7@va.gov
909,Cassondra Woodyer,2023-11-02,Belarus,1935-06-28,+375 218 558 1060,cwoodyerp8@pbs.org
910,Faustine Dumphrey,2024-06-27,Brazil,1933-03-28,+55 489 493 1909,fdumphreyp9@domainmarket.com
911,Rolland Treagus,2024-02-10,France,1946-03-27,+33 546 449 7362,rtreaguspa@ovh.net
912,Mattie Kynston,2023-10-04,Thailand,1993-06-15,+66 121 426 8177,mkynstonpb@stanford.edu
913,Ryan Goldis,2024-01-19,Mongolia,1941-01-22,+976 144 873 2036,rgoldispc@altervista.org
914,Hilarius Bubear,2023-11-14,Thailand,1989-06-29,+66 649 128 9286,hbubearpd@arstechnica.com
915,Dunn Rive,2023-12-06,China,1963-06-24,+86 555 269 5407,drivepe@virginia.edu
916,Mackenzie Stading,2024-06-08,Poland,2003-03-24,+48 191 860 7134,mstadingpf@house.gov
917,Michaelina Swafield,2024-04-23,Indonesia,1963-04-29,+62 288 466 7498,mswafieldpg@pbs.org
918,Waylon Pagitt,2024-06-16,Dominican Republic,1956-01-30,+1 635 829 9807,wpagittph@xing.com
919,Ianthe Hackwell,2023-12-24,Czech Republic,1954-02-25,+420 472 678 6888,ihackwellpi@wikia.com
920,Zonda Dubber,2024-06-15,Russia,1942-10-31,+7 745 956 1298,zdubberpj@baidu.com
921,Giraud Cheney,2024-02-02,China,1931-10-18,+86 639 914 2817,gcheneypk@uiuc.edu
922,Daphna Maurice,2023-10-11,Japan,1998-06-27,+81 132 672 3166,dmauricepl@merriam-webster.com
923,Nicoli Sinyard,2024-03-24,Italy,1980-08-03,+39 405 376 6925,nsinyardpm@trellian.com
924,Jessa Muckersie,2024-07-22,Greece,1975-05-19,+30 285 734 8341,jmuckersiepn@com.com
925,Kali Phipps,2024-07-12,China,1946-07-11,+86 230 369 8490,kphippspo@delicious.com
926,Udale Boarer,2024-05-10,United States,1931-12-31,+1 330 669 2689,uboarerpp@comsenz.com
927,Prisca Yosselevitch,2024-06-22,Indonesia,1933-12-28,+62 617 791 0186,pyosselevitchpq@plala.or.jp
928,Dwayne Enticott,2024-07-15,Tunisia,1950-10-17,+216 806 221 4423,denticottpr@posterous.com
929,Sally Critchlow,2023-09-10,China,1985-12-30,+86 464 513 0679,scritchlowps@kickstarter.com
930,Thedrick Dun,2024-05-27,China,1974-06-06,+86 385 975 0402,tdunpt@indiegogo.com
931,Gallard Schermick,2024-03-31,Portugal,1987-08-06,+351 772 883 6722,gschermickpu@youtube.com
932,Wells Brannan,2024-01-11,Poland,1984-01-22,+48 527 613 0583,wbrannanpv@live.com
933,Web Estevez,2023-08-15,Ukraine,1936-01-28,+380 342 186 3768,westevezpw@hp.com
934,Torre Meakin,2023-08-24,China,1961-09-09,+86 380 295 6932,tmeakinpx@behance.net
935,Raimondo Caunt,2024-04-13,Vietnam,1994-11-02,+84 944 454 7454,rcauntpy@ted.com
936,Brucie Brewett,2023-10-20,Portugal,1953-07-12,+351 181 923 4118,bbrewettpz@unblog.fr
937,Jordan Trattles,2024-06-20,Indonesia,1989-08-17,+62 588 907 6395,jtrattlesq0@who.int
938,Emmy Lillicrop,2024-03-04,Philippines,1946-03-02,+63 986 129 5239,elillicropq1@guardian.co.uk
939,Wolfy Flann,2023-10-04,Sweden,1974-11-09,+46 337 394 3263,wflannq2@domainmarket.com
940,Ingelbert McAline,2024-07-17,Poland,1996-04-21,+48 647 786 6464,imcalineq3@example.com
941,Wynn Tortis,2023-08-15,Iran,1932-01-29,+98 581 452 0676,wtortisq4@blogspot.com
942,Johanna Moxsom,2024-04-05,Philippines,1988-01-24,+63 181 491 0161,jmoxsomq5@chronoengine.com
943,Mechelle Wadsworth,2024-04-11,France,1955-08-14,+33 477 983 5413,mwadsworthq6@mayoclinic.com
944,Chrotoem Aymes,2023-12-26,Brazil,1961-10-12,+55 540 344 3713,caymesq7@reddit.com
945,Griswold Scholte,2023-12-04,Indonesia,2005-06-17,+62 361 862 5552,gscholteq8@alibaba.com
946,Jyoti Stiggers,2024-05-29,Russia,1941-07-02,+7 114 459 5933,jstiggersq9@technorati.com
947,Karrie Foulis,2023-08-27,France,1959-03-10,+33 713 555 6032,kfoulisqa@boston.com
948,Blair Corden,2024-04-13,Peru,1964-09-03,+51 451 266 1045,bcordenqb@xrea.com
949,Joeann Greest,2024-07-23,China,1979-02-02,+86 796 814 5174,jgreestqc@cbc.ca
950,Vaughn Firmage,2023-11-22,Indonesia,2003-05-21,+62 496 589 3808,vfirmageqd@apple.com
951,Roland Faulconbridge,2023-09-17,Malaysia,1965-12-30,+60 427 916 7407,rfaulconbridgeqe@dell.com
952,Bertie Huzzay,2024-02-28,Poland,1982-07-05,+48 823 722 8781,bhuzzayqf@google.cn
953,Adolphe Hofton,2024-06-12,Denmark,1979-10-02,+45 635 306 7962,ahoftonqg@bloglines.com
954,Tad Sutterby,2024-05-02,China,1972-09-15,+86 651 733 2666,tsutterbyqh@huffingtonpost.com
955,Gladi Kingerby,2024-06-29,Palestinian Territory,1962-04-20,+970 816 975 1243,gkingerbyqi@de.vu
956,Gregor Brimmell,2024-02-15,Philippines,1985-03-07,+63 449 356 4579,gbrimmellqj@umich.edu
957,Cicily Danilin,2024-06-24,Albania,1987-03-06,+355 538 556 3188,cdanilinqk@live.com
958,Trumaine MacKellen,2024-06-28,Philippines,1947-02-22,+63 223 163 0591,tmackellenql@go.com
959,Margalo Hagergham,2024-02-20,Russia,1994-06-11,+7 111 141 1285,mhagerghamqm@istockphoto.com
960,Kimberlyn Baruch,2023-08-28,Cameroon,1934-10-07,+237 244 308 2509,kbaruchqn@washington.edu
961,Leela Abys,2024-03-07,Nigeria,1944-04-28,+234 677 924 4326,labysqo@so-net.ne.jp
962,Helyn Lambole,2023-10-11,Canada,1944-10-17,+1 696 547 8203,hlamboleqp@tinypic.com
963,Lydia Abela,2024-06-28,Indonesia,1950-03-04,+62 199 397 1817,labelaqq@columbia.edu
964,Konstantin Imlacke,2023-08-15,Brazil,1940-05-24,+55 767 429 7031,kimlackeqr@admin.ch
965,Vivian Adshed,2024-04-06,Kenya,1952-07-28,+254 711 541 2232,vadshedqs@nsw.gov.au
966,Josephine Goodship,2023-08-17,Poland,1954-06-04,+48 649 685 0896,jgoodshipqt@vistaprint.com
967,Brooke Kyngdon,2024-07-17,Serbia,1939-03-14,+381 454 612 6534,bkyngdonqu@spiegel.de
968,Therese Galilee,2023-12-14,Argentina,1967-03-03,+54 358 602 5695,tgalileeqv@nifty.com
969,Andee Stoggell,2024-01-31,Brazil,2001-10-22,+55 740 141 0830,astoggellqw@livejournal.com
970,Betti Medlar,2023-12-24,Russia,1961-08-04,+7 909 292 9372,bmedlarqx@cdbaby.com
971,Cyrus Shrieves,2023-09-02,China,2004-03-18,+86 844 925 7949,cshrievesqy@nature.com
972,Charmine Piele,2023-12-12,Portugal,1943-11-05,+351 938 480 2149,cpieleqz@senate.gov
973,Gus Silkston,2023-12-21,Indonesia,1937-06-12,+62 251 635 7253,gsilkstonr0@mashable.com
974,Vasilis Cortez,2024-02-02,United States,1943-11-28,+1 919 181 8621,vcortezr1@cafepress.com
975,Jennee Heaphy,2024-06-12,Philippines,1998-03-29,+63 146 586 1415,jheaphyr2@chronoengine.com
976,Hulda Stefi,2023-11-11,Portugal,2004-09-11,+351 972 339 9155,hstefir3@biglobe.ne.jp
977,Caprice Vannini,2024-02-27,Finland,1946-06-20,+358 851 751 3790,cvanninir4@wikimedia.org
978,Annecorinne Kirtland,2024-08-09,France,1988-06-02,+33 559 458 6167,akirtlandr5@cdc.gov
979,Appolonia Codman,2024-02-19,Philippines,1937-12-27,+63 527 492 3580,acodmanr6@wix.com
980,Abe Withull,2024-01-29,United States,1984-01-03,+1 469 352 6635,awithullr7@latimes.com
981,Melloney Simanenko,2024-08-04,Azerbaijan,1959-11-17,+994 249 165 0865,msimanenkor8@list-manage.com
982,Sonnie Athowe,2024-02-10,Sweden,1939-09-18,+46 952 273 0594,sathower9@wikimedia.org
983,Leonore Connue,2024-08-11,Philippines,1949-06-25,+63 583 413 7209,lconnuera@weebly.com
984,Stanford Dignon,2024-08-03,China,1956-07-16,+86 326 928 6134,sdignonrb@sina.com.cn
985,Malinda Basso,2023-11-12,Czech Republic,1943-05-24,+420 629 114 4877,mbassorc@google.it
986,Gertrud Tweddle,2024-04-16,Peru,1994-12-21,+51 754 746 4493,gtweddlerd@prlog.org
987,Laural Aves,2024-05-24,Portugal,1936-01-15,+351 698 436 5723,lavesre@tripadvisor.com
988,Nehemiah Gemlett,2024-07-26,United States,1958-12-17,+1 317 169 1253,ngemlettrf@npr.org
989,Nikolai Chuck,2024-05-26,Brazil,1988-06-15,+55 868 720 8937,nchuckrg@topsy.com
990,Aylmar Hens,2024-04-27,Finland,1939-09-01,+358 744 538 1120,ahensrh@cbc.ca
991,Regine Eagers,2023-08-23,Indonesia,1998-11-25,+62 122 977 3859,reagersri@ft.com
992,Thekla Fetherston,2023-10-19,Micronesia,1959-04-04,+691 342 765 9423,tfetherstonrj@twitpic.com
993,Dawna Worssam,2024-04-08,Bosnia and Herzegovina,1961-11-04,+387 554 347 5579,dworssamrk@time.com
994,Osbourn Caseley,2024-01-25,Canada,1967-12-02,+1 279 953 4515,ocaseleyrl@ucsd.edu
995,Mellicent Maskell,2023-11-17,Morocco,1962-09-07,+212 890 413 5028,mmaskellrm@amazon.de
996,Trace Kures,2023-10-07,Greece,1957-05-08,+30 204 310 1296,tkuresrn@acquirethisname.com
997,Raleigh Jacobowits,2024-03-02,Philippines,2002-04-03,+63 525 875 6283,rjacobowitsro@bandcamp.com
998,Guy Roads,2023-08-21,China,1963-11-24,+86 283 576 6818,groadsrp@fc2.com
999,Natty Gittoes,2023-11-06,Indonesia,1945-11-02,+62 413 110 2241,ngittoesrq@ustream.tv
1000,Bonnibelle Hallibone,2023-10-11,Argentina,1991-05-20,+54 444 584 9796,bhallibonerr@adobe.com
